child_frame,frame,stamp,vx,vy,wz,x,y,yaw,z
base_link,odom,1788732426.4258735,0.0,0.0,0.0,-9.628614820305858,-0.030058167882487677,2.5916705976850745,0.0
base_link,odom,1788732426.4464173,0.0,0.0,0.0,-9.628614820305858,-0.030058167882487677,2.5916705976850745,0.0
base_link,odom,1788732426.4666739,0.0,0.0,0.0,-9.628614820305858,-0.030058167882487677,2.5916705976850745,0.0
base_link,odom,1788732426.4870949,0.0,0.0,0.0,-9.628614820305858,-0.030058167882487677,2.5916705976850745,0.0
base_link,odom,1788732426.507731,0.0,0.0,0.0,-9.628614820305858,-0.030058167882487677,2.5916705976850745,0.0
base_link,odom,1788732426.5281756,0.0,0.0,0.0,-9.628614820305858,-0.030058167882487677,2.5916705976850745,0.0
base_link,odom,1788732426.549037,0.0,0.0,0.0,-9.628614820305858,-0.030058167882487677,2.5916705976850745,0.0
base_link,odom,1788732426.5696337,0.0,0.0,0.0,-9.628614820305858,-0.030058167882487677,2.5916705976850745,0.0
base_link,odom,1788732426.5905426,0.0,0.0,0.0,-9.628614820305858,-0.030058167882487677,2.5916705976850745,0.0
base_link,odom,1788732426.610977,0.0,0.0,0.0,-9.628614820305858,-0.030058167882487677,2.5916705976850745,0.0
base_link,odom,1788732426.6314821,0.0,0.0,0.0,-9.628614820305858,-0.030058167882487677,2.5916705976850745,0.0
base_link,odom,1788732426.6518493,0.0,0.0,0.0,-9.628614820305858,-0.030058167882487677,2.5916705976850745,0.0
base_link,odom,1788732426.6720185,0.0,0.0,0.0,-9.628614820305858,-0.030058167882487677,2.5916705976850745,0.0
base_link,odom,1788732426.6926792,0.0,0.0,0.0,-9.628614820305858,-0.030058167882487677,2.5916705976850745,0.0
base_link,odom,1788732426.7134001,0.0,0.0,0.0,-9.628614820305858,-0.030058167882487677,2.5916705976850745,0.0
base_link,odom,1788732426.7340605,0.0,0.0,0.0,-9.628614820305858,-0.030058167882487677,2.5916705976850745,0.0
base_link,odom,1788732426.7545154,0.0,0.0,0.0,-9.628614820305858,-0.030058167882487677,2.5916705976850745,0.0
base_link,odom,1788732426.7747986,0.0,0.0,0.0,-9.628614820305858,-0.030058167882487677,2.5916705976850745,0.0
base_link,odom,1788732426.795279,0.0,0.0,0.0,-9.628614820305858,-0.030058167882487677,2.5916705976850745,0.0
base_link,odom,1788732426.81583,0.0,0.0,0.0,-9.628614820305858,-0.030058167882487677,2.5916705976850745,0.0
base_link,odom,1788732426.8360367,0.0,0.0,0.0,-9.628614820305858,-0.030058167882487677,2.5916705976850745,0.0
base_link,odom,1788732426.85661,0.0,0.0,0.0,-9.628614820305858,-0.030058167882487677,2.5916705976850745,0.0
base_link,odom,1788732426.8772917,0.0,0.0,0.0,-9.628614820305858,-0.030058167882487677,2.5916705976850745,0.0
base_link,odom,1788732426.8979208,0.0,0.0,0.0,-9.628614820305858,-0.030058167882487677,2.5916705976850745,0.0
base_link,odom,1788732426.9180732,0.0,0.0,0.0,-9.628614820305858,-0.030058167882487677,2.5916705976850745,0.0
base_link,odom,1788732426.938707,0.0,0.0,0.0,-9.628614820305858,-0.030058167882487677,2.5916705976850745,0.0
base_link,odom,1788732426.9594266,0.0,0.0,0.0,-9.628614820305858,-0.030058167882487677,2.5916705976850745,0.0
base_link,odom,1788732426.983098,0.0,0.0,0.0,-9.628614820305858,-0.030058167882487677,2.5916705976850745,0.0
base_link,odom,1788732427.0006425,0.0,0.0,0.0,-9.628614820305858,-0.030058167882487677,2.5916705976850745,0.0
base_link,odom,1788732427.0212753,0.0,0.0,0.0,-9.628614820305858,-0.030058167882487677,2.5916705976850745,0.0
base_link,odom,1788732427.0420823,0.0,0.0,0.0,-9.628614820305858,-0.030058167882487677,2.5916705976850745,0.0
base_link,odom,1788732427.0628834,0.0,0.0,0.0,-9.628614820305858,-0.030058167882487677,2.5916705976850745,0.0
base_link,odom,1788732427.084868,0.0,0.0,0.0,-9.628614820305858,-0.030058167882487677,2.5916705976850745,0.0
base_link,odom,1788732427.1037018,0.0,0.0,0.0,-9.628614820305858,-0.030058167882487677,2.5916705976850745,0.0
base_link,odom,1788732427.1232848,0.0,0.0,0.0,-9.628614820305858,-0.030058167882487677,2.5916705976850745,0.0
base_link,odom,1788732427.1434133,0.0,0.0,0.0,-9.628614820305858,-0.030058167882487677,2.5916705976850745,0.0
base_link,odom,1788732427.1636078,0.0,0.0,0.0,-9.628614820305858,-0.030058167882487677,2.5916705976850745,0.0
base_link,odom,1788732427.1836174,0.0,0.0,0.0,-9.628614820305858,-0.030058167882487677,2.5916705976850745,0.0
base_link,odom,1788732427.2031996,0.0,0.0,0.0,-9.628614820305858,-0.030058167882487677,2.5916705976850745,0.0
base_link,odom,1788732427.2231236,0.0,0.0,0.0,-9.628614820305858,-0.030058167882487677,2.5916705976850745,0.0
base_link,odom,1788732427.2434704,0.0,0.0,0.0,-9.628614820305858,-0.030058167882487677,2.5916705976850745,0.0
base_link,odom,1788732427.2631307,0.0,0.0,0.0,-9.628614820305858,-0.030058167882487677,2.5916705976850745,0.0
base_link,odom,1788732427.2832575,0.0,0.0,0.0,-9.628614820305858,-0.030058167882487677,2.5916705976850745,0.0
base_link,odom,1788732427.3032534,0.0,0.0,0.0,-9.628614820305858,-0.030058167882487677,2.5916705976850745,0.0
base_link,odom,1788732427.3230824,0.0,0.0,0.0,-9.628614820305858,-0.030058167882487677,2.5916705976850745,0.0
base_link,odom,1788732427.343148,0.0,0.0,0.0,-9.628614820305858,-0.030058167882487677,2.5916705976850745,0.0
base_link,odom,1788732427.3631368,0.0,0.0,0.0,-9.628614820305858,-0.030058167882487677,2.5916705976850745,0.0
base_link,odom,1788732427.3832119,0.0,0.0,0.0,-9.628614820305858,-0.030058167882487677,2.5916705976850745,0.0
base_link,odom,1788732427.403188,0.0,0.0,0.0,-9.628614820305858,-0.030058167882487677,2.5916705976850745,0.0
base_link,odom,1788732427.4232962,0.0,0.0,0.0,-9.628614820305858,-0.030058167882487677,2.5916705976850745,0.0
base_link,odom,1788732427.4436698,0.0,0.0,0.0,-9.628614820305858,-0.030058167882487677,2.5916705976850745,0.0
base_link,odom,1788732427.4633226,0.0,0.0,0.0,-9.628614820305858,-0.030058167882487677,2.5916705976850745,0.0
base_link,odom,1788732427.4834445,0.0,0.0,0.0,-9.628614820305858,-0.030058167882487677,2.5916705976850745,0.0
base_link,odom,1788732427.5033054,0.0,0.0,0.0,-9.628614820305858,-0.030058167882487677,2.5916705976850745,0.0
base_link,odom,1788732427.5231674,0.0,0.0,0.0,-9.628614820305858,-0.030058167882487677,2.5916705976850745,0.0
base_link,odom,1788732427.5433762,0.0,0.0,0.0,-9.628614820305858,-0.030058167882487677,2.5916705976850745,0.0
base_link,odom,1788732427.5632792,0.0,0.0,0.0,-9.628614820305858,-0.030058167882487677,2.5916705976850745,0.0
base_link,odom,1788732427.583549,0.0,0.0,0.0,-9.628614820305858,-0.030058167882487677,2.5916705976850745,0.0
base_link,odom,1788732427.603577,0.0,0.0,0.0,-9.628614820305858,-0.030058167882487677,2.5916705976850745,0.0
base_link,odom,1788732427.623634,0.0,0.0,0.0,-9.628614820305858,-0.030058167882487677,2.5916705976850745,0.0
base_link,odom,1788732427.6433978,0.0,0.0,0.0,-9.628614820305858,-0.030058167882487677,2.5916705976850745,0.0
base_link,odom,1788732427.6634445,0.0,0.0,0.0,-9.628614820305858,-0.030058167882487677,2.5916705976850745,0.0
base_link,odom,1788732427.6834862,0.0,0.0,0.0,-9.628614820305858,-0.030058167882487677,2.5916705976850745,0.0
base_link,odom,1788732427.7032914,0.0,0.0,0.0,-9.628614820305858,-0.030058167882487677,2.5916705976850745,0.0
base_link,odom,1788732427.7233083,0.0,0.0,0.0,-9.628614820305858,-0.030058167882487677,2.5916705976850745,0.0
base_link,odom,1788732427.7433496,0.0,0.0,0.0,-9.628614820305858,-0.030058167882487677,2.5916705976850745,0.0
base_link,odom,1788732427.7635608,0.0,0.0,0.0,-9.628614820305858,-0.030058167882487677,2.5916705976850745,0.0
base_link,odom,1788732427.785784,0.0,0.0,0.0,-9.628614820305858,-0.030058167882487677,2.5916705976850745,0.0
base_link,odom,1788732427.8030899,0.0,0.0,0.0,-9.628614820305858,-0.030058167882487677,2.5916705976850745,0.0
base_link,odom,1788732427.8231134,0.0,0.0,0.0,-9.628614820305858,-0.030058167882487677,2.5916705976850745,0.0
base_link,odom,1788732427.8434463,0.0,0.0,0.0,-9.628614820305858,-0.030058167882487677,2.5916705976850745,0.0
base_link,odom,1788732427.8632956,0.0,0.0,0.0,-9.628614820305858,-0.030058167882487677,2.5916705976850745,0.0
base_link,odom,1788732427.8832412,0.0,0.0,0.0,-9.628614820305858,-0.030058167882487677,2.5916705976850745,0.0
base_link,odom,1788732427.9031928,0.0,0.0,0.0,-9.628614820305858,-0.030058167882487677,2.5916705976850745,0.0
base_link,odom,1788732427.9233227,0.0,0.0,0.0,-9.628614820305858,-0.030058167882487677,2.5916705976850745,0.0
base_link,odom,1788732427.9433377,0.0,0.0,0.0,-9.628614820305858,-0.030058167882487677,2.5916705976850745,0.0
base_link,odom,1788732427.9632766,0.0,0.0,0.0,-9.628614820305858,-0.030058167882487677,2.5916705976850745,0.0
base_link,odom,1788732427.9833097,0.0,0.0,0.0,-9.628614820305858,-0.030058167882487677,2.5916705976850745,0.0
base_link,odom,1788732428.0033107,0.0,0.0,0.0,-9.628614820305858,-0.030058167882487677,2.5916705976850745,0.0
base_link,odom,1788732428.0231693,0.0,0.0,0.0,-9.628614820305858,-0.030058167882487677,2.5916705976850745,0.0
base_link,odom,1788732428.0432289,0.0,0.0,0.0,-9.628614820305858,-0.030058167882487677,2.5916705976850745,0.0
base_link,odom,1788732428.063236,0.0,0.0,0.0,-9.628614820305858,-0.030058167882487677,2.5916705976850745,0.0
base_link,odom,1788732428.0833075,0.0,0.0,0.0,-9.628614820305858,-0.030058167882487677,2.5916705976850745,0.0
base_link,odom,1788732428.1033204,0.0,0.0,0.0,-9.628614820305858,-0.030058167882487677,2.5916705976850745,0.0
base_link,odom,1788732428.1232123,0.0,0.0,0.0,-9.628614820305858,-0.030058167882487677,2.5916705976850745,0.0
base_link,odom,1788732428.1434202,0.0,0.0,0.0,-9.628614820305858,-0.030058167882487677,2.5916705976850745,0.0
base_link,odom,1788732428.1633768,0.0,0.0,0.0,-9.628614820305858,-0.030058167882487677,2.5916705976850745,0.0
base_link,odom,1788732428.18342,0.0,0.0,0.0,-9.628614820305858,-0.030058167882487677,2.5916705976850745,0.0
base_link,odom,1788732428.2037141,0.0,0.0,0.0,-9.628614820305858,-0.030058167882487677,2.5916705976850745,0.0
base_link,odom,1788732428.2233987,0.0,0.0,0.0,-9.628614820305858,-0.030058167882487677,2.5916705976850745,0.0
base_link,odom,1788732428.2433534,0.0,0.0,0.0,-9.628614820305858,-0.030058167882487677,2.5916705976850745,0.0
base_link,odom,1788732428.263176,0.0,0.0,0.0,-9.628614820305858,-0.030058167882487677,2.5916705976850745,0.0
base_link,odom,1788732428.2834299,0.0,0.0,0.0,-9.628614820305858,-0.030058167882487677,2.5916705976850745,0.0
base_link,odom,1788732428.3035758,0.0,0.0,0.0,-9.628614820305858,-0.030058167882487677,2.5916705976850745,0.0
base_link,odom,1788732428.3230577,0.0,0.0,0.0,-9.628614820305858,-0.030058167882487677,2.5916705976850745,0.0
base_link,odom,1788732428.3433542,0.0,0.0,0.0,-9.628614820305858,-0.030058167882487677,2.5916705976850745,0.0
base_link,odom,1788732428.3635068,0.0,0.0,0.0,-9.628614820305858,-0.030058167882487677,2.5916705976850745,0.0
base_link,odom,1788732428.383625,0.0,0.0,0.0,-9.628614820305858,-0.030058167882487677,2.5916705976850745,0.0
base_link,odom,1788732428.4033904,0.0,0.0,0.0,-9.628614820305858,-0.030058167882487677,2.5916705976850745,0.0
base_link,odom,1788732428.42336,0.0,0.0,0.0,-9.628614820305858,-0.030058167882487677,2.5916705976850745,0.0
base_link,odom,1788732428.4432836,0.0,0.0,0.0,-9.628614820305858,-0.030058167882487677,2.5916705976850745,0.0
base_link,odom,1788732428.4633915,0.0,0.0,0.0,-9.628614820305858,-0.030058167882487677,2.5916705976850745,0.0
base_link,odom,1788732428.4831407,0.0,0.0,0.0,-9.628614820305858,-0.030058167882487677,2.5916705976850745,0.0
base_link,odom,1788732428.503361,0.0,0.0,0.0,-9.628614820305858,-0.030058167882487677,2.5916705976850745,0.0
base_link,odom,1788732428.5231588,0.0,0.0,0.0,-9.628614820305858,-0.030058167882487677,2.5916705976850745,0.0
base_link,odom,1788732428.5430367,0.0,0.0,0.0,-9.628614820305858,-0.030058167882487677,2.5916705976850745,0.0
base_link,odom,1788732428.5630398,0.0,0.0,0.0,-9.628614820305858,-0.030058167882487677,2.5916705976850745,0.0
base_link,odom,1788732428.5832622,0.0,0.0,0.0,-9.628614820305858,-0.030058167882487677,2.5916705976850745,0.0
base_link,odom,1788732428.6033566,0.0,0.0,0.0,-9.628614820305858,-0.030058167882487677,2.5916705976850745,0.0
base_link,odom,1788732428.6234665,0.0,0.0,0.0,-9.628614820305858,-0.030058167882487677,2.5916705976850745,0.0
base_link,odom,1788732428.6434371,0.0,0.0,0.0,-9.628614820305858,-0.030058167882487677,2.5916705976850745,0.0
base_link,odom,1788732428.663554,0.0,0.0,0.0,-9.628614820305858,-0.030058167882487677,2.5916705976850745,0.0
base_link,odom,1788732428.6833174,0.0,0.0,0.0,-9.628614820305858,-0.030058167882487677,2.5916705976850745,0.0
base_link,odom,1788732428.7038558,0.0,0.0,0.0,-9.628614820305858,-0.030058167882487677,2.5916705976850745,0.0
base_link,odom,1788732428.723004,0.0,0.0,0.0,-9.628614820305858,-0.030058167882487677,2.5916705976850745,0.0
base_link,odom,1788732428.7432544,0.0,0.0,0.0,-9.628614820305858,-0.030058167882487677,2.5916705976850745,0.0
base_link,odom,1788732428.763466,0.0,0.0,0.0,-9.628614820305858,-0.030058167882487677,2.5916705976850745,0.0
base_link,odom,1788732428.7835755,0.0,0.0,0.0,-9.628614820305858,-0.030058167882487677,2.5916705976850745,0.0
base_link,odom,1788732428.8035104,0.0,0.0,0.0,-9.628614820305858,-0.030058167882487677,2.5916705976850745,0.0
base_link,odom,1788732428.8235028,0.0,0.0,0.0,-9.628614820305858,-0.030058167882487677,2.5916705976850745,0.0
base_link,odom,1788732428.8435116,0.0,0.0,0.0,-9.628614820305858,-0.030058167882487677,2.5916705976850745,0.0
base_link,odom,1788732428.863749,0.0,0.0,0.0,-9.628614820305858,-0.030058167882487677,2.5916705976850745,0.0
base_link,odom,1788732428.8846154,0.0,0.0,0.0,-9.628614820305858,-0.030058167882487677,2.5916705976850745,0.0
base_link,odom,1788732428.9029503,0.0,0.0,0.0,-9.628614820305858,-0.030058167882487677,2.5916705976850745,0.0
base_link,odom,1788732428.9231427,0.0,0.0,0.0,-9.628614820305858,-0.030058167882487677,2.5916705976850745,0.0
base_link,odom,1788732428.9435928,0.0,0.0,0.0,-9.628614820305858,-0.030058167882487677,2.5916705976850745,0.0
base_link,odom,1788732428.9635794,0.0,0.0,0.0,-9.628614820305858,-0.030058167882487677,2.5916705976850745,0.0
base_link,odom,1788732428.9857347,0.0,0.0,0.0,-9.628614820305858,-0.030058167882487677,2.5916705976850745,0.0
base_link,odom,1788732429.003041,0.0,0.0,0.0,-9.628614820305858,-0.030058167882487677,2.5916705976850745,0.0
base_link,odom,1788732429.0230777,0.0,0.0,0.0,-9.628614820305858,-0.030058167882487677,2.5916705976850745,0.0
base_link,odom,1788732429.0430887,0.0,0.0,0.0,-9.628614820305858,-0.030058167882487677,2.5916705976850745,0.0
base_link,odom,1788732429.0630603,0.0,0.0,0.0,-9.628614820305858,-0.030058167882487677,2.5916705976850745,0.0
base_link,odom,1788732429.083183,0.0,0.0,0.0,-9.628614820305858,-0.030058167882487677,2.5916705976850745,0.0
base_link,odom,1788732429.1029692,0.0,0.0,0.0,-9.628614820305858,-0.030058167882487677,2.5916705976850745,0.0
base_link,odom,1788732429.123205,0.0,0.0,0.0,-9.628614820305858,-0.030058167882487677,2.5916705976850745,0.0
base_link,odom,1788732429.14318,0.0,0.0,0.0,-9.628614820305858,-0.030058167882487677,2.5916705976850745,0.0
base_link,odom,1788732429.1631467,0.0,0.0,0.0,-9.628614820305858,-0.030058167882487677,2.5916705976850745,0.0
base_link,odom,1788732429.1848555,0.0,0.0,0.0,-9.628614820305858,-0.030058167882487677,2.5916705976850745,0.0
base_link,odom,1788732429.2031083,0.0,0.0,0.0,-9.628614820305858,-0.030058167882487677,2.5916705976850745,0.0
base_link,odom,1788732429.2232797,0.0,0.0,0.0,-9.628614820305858,-0.030058167882487677,2.5916705976850745,0.0
base_link,odom,1788732429.2432816,0.0,0.0,0.0,-9.628614820305858,-0.030058167882487677,2.5916705976850745,0.0
base_link,odom,1788732429.2630527,0.0,0.0,0.0,-9.628614820305858,-0.030058167882487677,2.5916705976850745,0.0
base_link,odom,1788732429.2831607,0.0,0.0,0.0,-9.628614820305858,-0.030058167882487677,2.5916705976850745,0.0
base_link,odom,1788732429.3034956,0.0,0.0,0.0,-9.628614820305858,-0.030058167882487677,2.5916705976850745,0.0
base_link,odom,1788732429.3232365,0.0,0.0,0.0,-9.628614820305858,-0.030058167882487677,2.5916705976850745,0.0
base_link,odom,1788732429.3432016,0.0,0.0,0.0,-9.628614820305858,-0.030058167882487677,2.5916705976850745,0.0
base_link,odom,1788732429.363468,0.0,0.0,0.0,-9.628614820305858,-0.030058167882487677,2.5916705976850745,0.0
base_link,odom,1788732429.3865616,0.0,0.0,0.0,-9.628614820305858,-0.030058167882487677,2.5916705976850745,0.0
base_link,odom,1788732429.4038126,0.0,0.0,0.0,-9.628614820305858,-0.030058167882487677,2.5916705976850745,0.0
base_link,odom,1788732429.423376,0.0,0.0,0.0,-9.628614820305858,-0.030058167882487677,2.5916705976850745,0.0
base_link,odom,1788732429.4432838,0.0,0.0,0.0,-9.628614820305858,-0.030058167882487677,2.5916705976850745,0.0
base_link,odom,1788732429.4636443,0.0,0.0,0.0,-9.628614820305858,-0.030058167882487677,2.5916705976850745,0.0
base_link,odom,1788732429.4834323,0.0,0.0,0.0,-9.628614820305858,-0.030058167882487677,2.5916705976850745,0.0
base_link,odom,1788732429.503255,0.0,0.0,0.0,-9.628614820305858,-0.030058167882487677,2.5916705976850745,0.0
base_link,odom,1788732429.5231133,0.0,0.0,0.0,-9.628614820305858,-0.030058167882487677,2.5916705976850745,0.0
base_link,odom,1788732429.5431924,0.0,0.0,0.0,-9.628614820305858,-0.030058167882487677,2.5916705976850745,0.0
base_link,odom,1788732429.5631292,0.0,0.0,0.0,-9.628614820305858,-0.030058167882487677,2.5916705976850745,0.0
base_link,odom,1788732429.583507,0.0,0.0,0.0,-9.628614820305858,-0.030058167882487677,2.5916705976850745,0.0
base_link,odom,1788732429.603495,0.0,0.0,0.0,-9.628614820305858,-0.030058167882487677,2.5916705976850745,0.0
base_link,odom,1788732429.623286,0.0,0.0,0.0,-9.628614820305858,-0.030058167882487677,2.5916705976850745,0.0
base_link,odom,1788732429.643255,0.0,0.0,0.0,-9.628614820305858,-0.030058167882487677,2.5916705976850745,0.0
base_link,odom,1788732429.6632168,0.0,0.0,0.0,-9.628614820305858,-0.030058167882487677,2.5916705976850745,0.0
base_link,odom,1788732429.6835525,0.0,0.0,0.0,-9.628614820305858,-0.030058167882487677,2.5916705976850745,0.0
base_link,odom,1788732429.7030897,0.0,0.0,0.0,-9.628614820305858,-0.030058167882487677,2.5916705976850745,0.0
base_link,odom,1788732429.7233505,0.0,0.0,0.0,-9.628614820305858,-0.030058167882487677,2.5916705976850745,0.0
base_link,odom,1788732429.7434256,0.0,0.0,0.0,-9.628614820305858,-0.030058167882487677,2.5916705976850745,0.0
base_link,odom,1788732429.7637553,0.0,0.0,0.0,-9.628614820305858,-0.030058167882487677,2.5916705976850745,0.0
base_link,odom,1788732429.783609,0.0,0.0,0.0,-9.628614820305858,-0.030058167882487677,2.5916705976850745,0.0
base_link,odom,1788732429.8034306,0.0,0.0,0.0,-9.628614820305858,-0.030058167882487677,2.5916705976850745,0.0
base_link,odom,1788732429.8232896,0.0,0.0,0.0,-9.628614820305858,-0.030058167882487677,2.5916705976850745,0.0
base_link,odom,1788732429.8433378,0.0,0.0,0.0,-9.628614820305858,-0.030058167882487677,2.5916705976850745,0.0
base_link,odom,1788732429.8634644,0.0,0.0,0.0,-9.628614820305858,-0.030058167882487677,2.5916705976850745,0.0
base_link,odom,1788732429.8902776,0.0,0.0,0.0,-9.628614820305858,-0.030058167882487677,2.5916705976850745,0.0
base_link,odom,1788732429.9032953,0.0,0.0,0.0,-9.628614820305858,-0.030058167882487677,2.5916705976850745,0.0
base_link,odom,1788732429.9234738,0.0,0.0,0.0,-9.628614820305858,-0.030058167882487677,2.5916705976850745,0.0
base_link,odom,1788732429.9436634,0.0,0.0,0.0,-9.628614820305858,-0.030058167882487677,2.5916705976850745,0.0
base_link,odom,1788732429.963485,0.0,0.0,0.0,-9.628614820305858,-0.030058167882487677,2.5916705976850745,0.0
base_link,odom,1788732429.9842143,0.0,0.0,0.0,-9.628614820305858,-0.030058167882487677,2.5916705976850745,0.0
base_link,odom,1788732430.0034268,0.0,0.0,0.0,-9.628614820305858,-0.030058167882487677,2.5916705976850745,0.0
base_link,odom,1788732430.0230243,0.0,0.0,0.0,-9.628614820305858,-0.030058167882487677,2.5916705976850745,0.0
base_link,odom,1788732430.0433629,0.0,0.0,0.0,-9.628614820305858,-0.030058167882487677,2.5916705976850745,0.0
base_link,odom,1788732430.0630748,0.0,0.0,0.0,-9.628614820305858,-0.030058167882487677,2.5916705976850745,0.0
base_link,odom,1788732430.0833325,0.0,0.0,0.0,-9.628614820305858,-0.030058167882487677,2.5916705976850745,0.0
base_link,odom,1788732430.1035047,0.0,0.0,0.0,-9.628614820305858,-0.030058167882487677,2.5916705976850745,0.0
base_link,odom,1788732430.1236072,0.0,0.0,0.0,-9.628614820305858,-0.030058167882487677,2.5916705976850745,0.0
base_link,odom,1788732430.1430607,0.0,0.0,0.0,-9.628614820305858,-0.030058167882487677,2.5916705976850745,0.0
base_link,odom,1788732430.1631083,0.0,0.0,0.0,-9.628614820305858,-0.030058167882487677,2.5916705976850745,0.0
base_link,odom,1788732430.182989,0.0,0.0,0.0,-9.628614820305858,-0.030058167882487677,2.5916705976850745,0.0
base_link,odom,1788732430.2031953,0.0,0.0,0.0,-9.628614820305858,-0.030058167882487677,2.5916705976850745,0.0
base_link,odom,1788732430.2233956,0.0,0.0,0.0,-9.628614820305858,-0.030058167882487677,2.5916705976850745,0.0
base_link,odom,1788732430.243466,0.0,0.0,0.0,-9.628614820305858,-0.030058167882487677,2.5916705976850745,0.0
base_link,odom,1788732430.2635553,0.0,0.0,0.0,-9.628614820305858,-0.030058167882487677,2.5916705976850745,0.0
base_link,odom,1788732430.2835796,0.0,0.0,0.0,-9.628614820305858,-0.030058167882487677,2.5916705976850745,0.0
base_link,odom,1788732430.3033988,0.0,0.0,0.0,-9.628614820305858,-0.030058167882487677,2.5916705976850745,0.0
base_link,odom,1788732430.3232176,0.0,0.0,0.0,-9.628614820305858,-0.030058167882487677,2.5916705976850745,0.0
base_link,odom,1788732430.3432226,0.0,0.0,0.0,-9.628614820305858,-0.030058167882487677,2.5916705976850745,0.0
base_link,odom,1788732430.3631682,0.0,0.0,0.0,-9.628614820305858,-0.030058167882487677,2.5916705976850745,0.0
base_link,odom,1788732430.3835182,0.0,0.0,0.0,-9.628614820305858,-0.030058167882487677,2.5916705976850745,0.0
base_link,odom,1788732430.4034,0.0,0.0,0.0,-9.628614820305858,-0.030058167882487677,2.5916705976850745,0.0
base_link,odom,1788732430.4234152,0.0,0.0,0.0,-9.628614820305858,-0.030058167882487677,2.5916705976850745,0.0
base_link,odom,1788732430.4434369,0.0,0.0,0.0,-9.628614820305858,-0.030058167882487677,2.5916705976850745,0.0
base_link,odom,1788732430.4631839,0.0,0.0,0.0,-9.628614820305858,-0.030058167882487677,2.5916705976850745,0.0
base_link,odom,1788732430.4835947,0.0,0.0,0.0,-9.628614820305858,-0.030058167882487677,2.5916705976850745,0.0
base_link,odom,1788732430.503537,0.0,0.0,0.0,-9.628614820305858,-0.030058167882487677,2.5916705976850745,0.0
base_link,odom,1788732430.5233097,0.0,0.0,0.0,-9.628614820305858,-0.030058167882487677,2.5916705976850745,0.0
base_link,odom,1788732430.5436401,0.0,0.0,0.0,-9.628614820305858,-0.030058167882487677,2.5916705976850745,0.0
base_link,odom,1788732430.5634549,0.0,0.0,0.0,-9.628614820305858,-0.030058167882487677,2.5916705976850745,0.0
base_link,odom,1788732430.5834408,0.0,0.0,0.0,-9.628614820305858,-0.030058167882487677,2.5916705976850745,0.0
base_link,odom,1788732430.6034112,0.0,0.0,0.0,-9.628614820305858,-0.030058167882487677,2.5916705976850745,0.0
base_link,odom,1788732430.6231081,0.0,0.0,0.0,-9.628614820305858,-0.030058167882487677,2.5916705976850745,0.0
base_link,odom,1788732430.6430795,0.0,0.0,0.0,-9.628614820305858,-0.030058167882487677,2.5916705976850745,0.0
base_link,odom,1788732430.6630862,0.0,0.0,0.0,-9.628614820305858,-0.030058167882487677,2.5916705976850745,0.0
base_link,odom,1788732430.6834297,0.0,0.0,0.0,-9.628614820305858,-0.030058167882487677,2.5916705976850745,0.0
base_link,odom,1788732430.7031498,0.0,0.0,0.0,-9.628614820305858,-0.030058167882487677,2.5916705976850745,0.0
base_link,odom,1788732430.7236814,0.0,0.0,0.0,-9.628614820305858,-0.030058167882487677,2.5916705976850745,0.0
base_link,odom,1788732430.743803,0.0,0.0,0.0,-9.628614820305858,-0.030058167882487677,2.5916705976850745,0.0
base_link,odom,1788732430.763436,0.0,0.0,0.0,-9.628614820305858,-0.030058167882487677,2.5916705976850745,0.0
base_link,odom,1788732430.7835696,0.0,0.0,0.0,-9.628614820305858,-0.030058167882487677,2.5916705976850745,0.0
base_link,odom,1788732430.8035293,0.0,0.0,0.0,-9.628614820305858,-0.030058167882487677,2.5916705976850745,0.0
base_link,odom,1788732430.8232608,0.0,0.0,0.0,-9.628614820305858,-0.030058167882487677,2.5916705976850745,0.0
base_link,odom,1788732430.8435605,0.0,0.0,0.0,-9.628614820305858,-0.030058167882487677,2.5916705976850745,0.0
base_link,odom,1788732430.8630931,0.0,0.0,0.0,-9.628614820305858,-0.030058167882487677,2.5916705976850745,0.0
base_link,odom,1788732430.8833818,0.0,0.0,0.0,-9.628614820305858,-0.030058167882487677,2.5916705976850745,0.0
base_link,odom,1788732430.903417,0.0,0.0,0.0,-9.628614820305858,-0.030058167882487677,2.5916705976850745,0.0
base_link,odom,1788732430.9232867,0.0,0.0,0.0,-9.628614820305858,-0.030058167882487677,2.5916705976850745,0.0
base_link,odom,1788732430.9433901,0.0,0.0,0.0,-9.628614820305858,-0.030058167882487677,2.5916705976850745,0.0
base_link,odom,1788732430.9631388,0.0,0.0,0.0,-9.628614820305858,-0.030058167882487677,2.5916705976850745,0.0
base_link,odom,1788732430.9833438,0.0,0.0,0.0,-9.628614820305858,-0.030058167882487677,2.5916705976850745,0.0
base_link,odom,1788732431.0036645,0.0,0.0,0.0,-9.628614820305858,-0.030058167882487677,2.5916705976850745,0.0
base_link,odom,1788732431.0231879,0.0,0.0,0.0,-9.628614820305858,-0.030058167882487677,2.5916705976850745,0.0
base_link,odom,1788732431.043252,0.0,0.0,0.0,-9.628614820305858,-0.030058167882487677,2.5916705976850745,0.0
base_link,odom,1788732431.063182,0.0,0.0,0.0,-9.628614820305858,-0.030058167882487677,2.5916705976850745,0.0
base_link,odom,1788732431.0835645,0.0,0.0,0.0,-9.628614820305858,-0.030058167882487677,2.5916705976850745,0.0
base_link,odom,1788732431.1035695,0.0,0.0,0.0,-9.628614820305858,-0.030058167882487677,2.5916705976850745,0.0
base_link,odom,1788732431.1233232,0.0,0.0,0.0,-9.628614820305858,-0.030058167882487677,2.5916705976850745,0.0
base_link,odom,1788732431.1431754,0.0,0.0,0.0,-9.628614820305858,-0.030058167882487677,2.5916705976850745,0.0
base_link,odom,1788732431.1634035,0.0,0.0,0.0,-9.628614820305858,-0.030058167882487677,2.5916705976850745,0.0
base_link,odom,1788732431.1837182,0.0,0.0,0.0,-9.628614820305858,-0.030058167882487677,2.5916705976850745,0.0
base_link,odom,1788732431.2037532,0.0,0.0,0.0,-9.628614820305858,-0.030058167882487677,2.5916705976850745,0.0
base_link,odom,1788732431.2232985,0.0,0.0,0.0,-9.628614820305858,-0.030058167882487677,2.5916705976850745,0.0
base_link,odom,1788732431.2433028,0.0,0.0,0.0,-9.628614820305858,-0.030058167882487677,2.5916705976850745,0.0
base_link,odom,1788732431.2635226,0.0,0.0,0.0,-9.628614820305858,-0.030058167882487677,2.5916705976850745,0.0
base_link,odom,1788732431.2834852,0.0,0.0,0.0,-9.628614820305858,-0.030058167882487677,2.5916705976850745,0.0
base_link,odom,1788732431.3034792,0.0,0.0,0.0,-9.628614820305858,-0.030058167882487677,2.5916705976850745,0.0
base_link,odom,1788732431.323293,0.0,0.0,0.0,-9.628614820305858,-0.030058167882487677,2.5916705976850745,0.0
base_link,odom,1788732431.3434174,0.0,0.0,0.0,-9.628614820305858,-0.030058167882487677,2.5916705976850745,0.0
base_link,odom,1788732431.3637507,0.0,0.0,0.0,-9.628614820305858,-0.030058167882487677,2.5916705976850745,0.0
base_link,odom,1788732431.3835695,0.0,0.0,0.0,-9.628614820305858,-0.030058167882487677,2.5916705976850745,0.0
base_link,odom,1788732431.4037607,0.0,0.0,0.0,-9.628614820305858,-0.030058167882487677,2.5916705976850745,0.0
base_link,odom,1788732431.423047,0.0,0.0,0.0,-9.628614820305858,-0.030058167882487677,2.5916705976850745,0.0
base_link,odom,1788732431.4431942,0.0,0.0,0.0,-9.628614820305858,-0.030058167882487677,2.5916705976850745,0.0
base_link,odom,1788732431.4634368,0.0,0.0,0.0,-9.628614820305858,-0.030058167882487677,2.5916705976850745,0.0
base_link,odom,1788732431.483486,0.0,0.0,0.0,-9.628614820305858,-0.030058167882487677,2.5916705976850745,0.0
base_link,odom,1788732431.503252,0.0,0.0,0.0,-9.628614820305858,-0.030058167882487677,2.5916705976850745,0.0
base_link,odom,1788732431.5229921,0.0,0.0,0.0,-9.628614820305858,-0.030058167882487677,2.5916705976850745,0.0
base_link,odom,1788732431.5433853,0.0,0.0,0.0,-9.628614820305858,-0.030058167882487677,2.5916705976850745,0.0
base_link,odom,1788732431.5632555,0.0,0.0,0.0,-9.628614820305858,-0.030058167882487677,2.5916705976850745,0.0
base_link,odom,1788732431.583367,0.0,0.0,0.0,-9.628614820305858,-0.030058167882487677,2.5916705976850745,0.0
base_link,odom,1788732431.6031861,0.0,0.0,0.0,-9.628614820305858,-0.030058167882487677,2.5916705976850745,0.0
base_link,odom,1788732431.62313,0.0,0.0,0.0,-9.628614820305858,-0.030058167882487677,2.5916705976850745,0.0
base_link,odom,1788732431.6434095,0.0,0.0,0.0,-9.628614820305858,-0.030058167882487677,2.5916705976850745,0.0
base_link,odom,1788732431.6633613,0.0,0.0,0.0,-9.628614820305858,-0.030058167882487677,2.5916705976850745,0.0
base_link,odom,1788732431.683414,0.0,0.0,0.0,-9.628614820305858,-0.030058167882487677,2.5916705976850745,0.0
base_link,odom,1788732431.7034342,0.0,0.0,0.0,-9.628614820305858,-0.030058167882487677,2.5916705976850745,0.0
base_link,odom,1788732431.7230327,0.0,0.0,0.0,-9.628614820305858,-0.030058167882487677,2.5916705976850745,0.0
base_link,odom,1788732431.7434113,0.0,0.0,0.0,-9.628614820305858,-0.030058167882487677,2.5916705976850745,0.0
base_link,odom,1788732431.7635353,0.0,0.0,0.0,-9.628614820305858,-0.030058167882487677,2.5916705976850745,0.0
base_link,odom,1788732431.7835164,0.0,0.0,0.0,-9.628614820305858,-0.030058167882487677,2.5916705976850745,0.0
base_link,odom,1788732431.8036277,0.0,0.0,0.0,-9.628614820305858,-0.030058167882487677,2.5916705976850745,0.0
base_link,odom,1788732431.8235683,0.0,0.0,0.0,-9.628614820305858,-0.030058167882487677,2.5916705976850745,0.0
base_link,odom,1788732431.8436272,0.0,0.0,0.0,-9.628614820305858,-0.030058167882487677,2.5916705976850745,0.0
base_link,odom,1788732431.8633304,0.0,0.0,0.0,-9.628614820305858,-0.030058167882487677,2.5916705976850745,0.0
base_link,odom,1788732431.8832338,0.0,0.0,0.0,-9.628614820305858,-0.030058167882487677,2.5916705976850745,0.0
base_link,odom,1788732431.9034429,0.0,0.0,0.0,-9.628614820305858,-0.030058167882487677,2.5916705976850745,0.0
base_link,odom,1788732431.9235525,0.0,0.0,0.0,-9.628614820305858,-0.030058167882487677,2.5916705976850745,0.0
base_link,odom,1788732431.9435556,0.0,0.0,0.0,-9.628614820305858,-0.030058167882487677,2.5916705976850745,0.0
base_link,odom,1788732431.9636972,0.0,0.0,0.0,-9.628614820305858,-0.030058167882487677,2.5916705976850745,0.0
base_link,odom,1788732431.9831944,0.0,0.0,0.0,-9.628614820305858,-0.030058167882487677,2.5916705976850745,0.0
base_link,odom,1788732432.0032773,0.0,0.0,0.0,-9.628614820305858,-0.030058167882487677,2.5916705976850745,0.0
base_link,odom,1788732432.0232215,0.0,0.0,0.0,-9.628614820305858,-0.030058167882487677,2.5916705976850745,0.0
base_link,odom,1788732432.043279,0.0,0.0,0.0,-9.628614820305858,-0.030058167882487677,2.5916705976850745,0.0
base_link,odom,1788732432.0631475,0.0,0.0,0.0,-9.628614820305858,-0.030058167882487677,2.5916705976850745,0.0
base_link,odom,1788732432.0833225,0.0,0.0,0.0,-9.628614820305858,-0.030058167882487677,2.5916705976850745,0.0
base_link,odom,1788732432.103646,0.0,0.0,0.0,-9.628614820305858,-0.030058167882487677,2.5916705976850745,0.0
base_link,odom,1788732432.1230037,0.0,0.0,0.0,-9.628614820305858,-0.030058167882487677,2.5916705976850745,0.0
base_link,odom,1788732432.143231,0.0,0.0,0.0,-9.628614820305858,-0.030058167882487677,2.5916705976850745,0.0
base_link,odom,1788732432.1633415,0.0,0.0,0.0,-9.628614820305858,-0.030058167882487677,2.5916705976850745,0.0
base_link,odom,1788732432.1850848,0.0,0.0,0.0,-9.628614820305858,-0.030058167882487677,2.5916705976850745,0.0
base_link,odom,1788732432.2033277,0.0,0.0,0.0,-9.628614820305858,-0.030058167882487677,2.5916705976850745,0.0
base_link,odom,1788732432.223106,0.0,0.0,0.0,-9.628614820305858,-0.030058167882487677,2.5916705976850745,0.0
base_link,odom,1788732432.2433903,0.0,0.0,0.0,-9.628614820305858,-0.030058167882487677,2.5916705976850745,0.0
base_link,odom,1788732432.2631664,0.0,0.0,0.0,-9.628614820305858,-0.030058167882487677,2.5916705976850745,0.0
base_link,odom,1788732432.2832525,0.0,0.0,0.0,-9.628614820305858,-0.030058167882487677,2.5916705976850745,0.0
base_link,odom,1788732432.3031702,0.0,0.0,0.0,-9.628614820305858,-0.030058167882487677,2.5916705976850745,0.0
base_link,odom,1788732432.3230577,0.0,0.0,0.0,-9.628614820305858,-0.030058167882487677,2.5916705976850745,0.0
base_link,odom,1788732432.3430176,0.0,0.0,0.0,-9.628614820305858,-0.030058167882487677,2.5916705976850745,0.0
base_link,odom,1788732432.363033,0.0,0.0,0.0,-9.628614820305858,-0.030058167882487677,2.5916705976850745,0.0
base_link,odom,1788732432.383101,0.0,0.0,0.0,-9.628614820305858,-0.030058167882487677,2.5916705976850745,0.0
base_link,odom,1788732432.4029717,0.0,0.0,0.0,-9.628614820305858,-0.030058167882487677,2.5916705976850745,0.0
base_link,odom,1788732432.4231596,0.0,0.0,0.0,-9.628614820305858,-0.030058167882487677,2.5916705976850745,0.0
base_link,odom,1788732432.4429991,0.0,0.0,0.0,-9.628614820305858,-0.030058167882487677,2.5916705976850745,0.0
base_link,odom,1788732432.4629793,0.0,0.0,0.0,-9.628614820305858,-0.030058167882487677,2.5916705976850745,0.0
base_link,odom,1788732432.4831588,0.0,0.0,0.0,-9.628614820305858,-0.030058167882487677,2.5916705976850745,0.0
base_link,odom,1788732432.502998,0.0,0.0,0.0,-9.628614820305858,-0.030058167882487677,2.5916705976850745,0.0
base_link,odom,1788732432.5234168,0.0,0.0,0.0,-9.628614820305858,-0.030058167882487677,2.5916705976850745,0.0
base_link,odom,1788732432.543047,0.0,0.0,0.0,-9.628614820305858,-0.030058167882487677,2.5916705976850745,0.0
base_link,odom,1788732432.5631475,0.0,0.0,0.0,-9.628614820305858,-0.030058167882487677,2.5916705976850745,0.0
base_link,odom,1788732432.5848925,0.0,0.0,0.0,-9.628614820305858,-0.030058167882487677,2.5916705976850745,0.0
base_link,odom,1788732432.6029973,0.0,0.0,0.0,-9.628614820305858,-0.030058167882487677,2.5916705976850745,0.0
base_link,odom,1788732432.623013,0.0,0.0,0.0,-9.628614820305858,-0.030058167882487677,2.5916705976850745,0.0
base_link,odom,1788732432.6432426,0.0,0.0,0.0,-9.628614820305858,-0.030058167882487677,2.5916705976850745,0.0
base_link,odom,1788732432.6633081,0.0,0.0,0.0,-9.628614820305858,-0.030058167882487677,2.5916705976850745,0.0
base_link,odom,1788732432.683351,0.0,0.0,0.0,-9.628614820305858,-0.030058167882487677,2.5916705976850745,0.0
base_link,odom,1788732432.7036188,0.0,0.0,0.0,-9.628614820305858,-0.030058167882487677,2.5916705976850745,0.0
base_link,odom,1788732432.7230115,0.0,0.0,0.0,-9.628614820305858,-0.030058167882487677,2.5916705976850745,0.0
base_link,odom,1788732432.7430043,0.0,0.0,0.0,-9.628614820305858,-0.030058167882487677,2.5916705976850745,0.0
base_link,odom,1788732432.7630014,0.0,0.0,0.0,-9.628614820305858,-0.030058167882487677,2.5916705976850745,0.0
base_link,odom,1788732432.7830465,0.0,0.0,0.0,-9.628614820305858,-0.030058167882487677,2.5916705976850745,0.0
base_link,odom,1788732432.80334,0.0,0.0,0.0,-9.628614820305858,-0.030058167882487677,2.5916705976850745,0.0
base_link,odom,1788732432.8231654,0.0,0.0,0.0,-9.628614820305858,-0.030058167882487677,2.5916705976850745,0.0
base_link,odom,1788732432.8432946,0.0,0.0,0.0,-9.628614820305858,-0.030058167882487677,2.5916705976850745,0.0
base_link,odom,1788732432.8632665,0.0,0.0,0.0,-9.628614820305858,-0.030058167882487677,2.5916705976850745,0.0
base_link,odom,1788732432.883081,0.0,0.0,0.0,-9.628614820305858,-0.030058167882487677,2.5916705976850745,0.0
base_link,odom,1788732432.9029596,0.0,0.0,0.0,-9.628614820305858,-0.030058167882487677,2.5916705976850745,0.0
base_link,odom,1788732432.9230168,0.0,0.0,0.0,-9.628614820305858,-0.030058167882487677,2.5916705976850745,0.0
base_link,odom,1788732432.9432812,0.0,0.0,0.0,-9.628614820305858,-0.030058167882487677,2.5916705976850745,0.0
base_link,odom,1788732432.9633985,0.0,0.0,0.0,-9.628614820305858,-0.030058167882487677,2.5916705976850745,0.0
base_link,odom,1788732432.9829879,0.0,0.0,0.0,-9.628614820305858,-0.030058167882487677,2.5916705976850745,0.0
base_link,odom,1788732433.0033538,0.0,0.0,0.0,-9.628614820305858,-0.030058167882487677,2.5916705976850745,0.0
base_link,odom,1788732433.023044,0.0,0.0,0.0,-9.628614820305858,-0.030058167882487677,2.5916705976850745,0.0
base_link,odom,1788732433.0431666,0.0,0.0,0.0,-9.628614820305858,-0.030058167882487677,2.5916705976850745,0.0
base_link,odom,1788732433.0629885,0.0,0.0,0.0,-9.628614820305858,-0.030058167882487677,2.5916705976850745,0.0
base_link,odom,1788732433.0834646,0.0,0.0,0.0,-9.628614820305858,-0.030058167882487677,2.5916705976850745,0.0
base_link,odom,1788732433.1031003,0.0,0.0,0.0,-9.628614820305858,-0.030058167882487677,2.5916705976850745,0.0
base_link,odom,1788732433.124905,0.0,0.0,0.0,-9.628614820305858,-0.030058167882487677,2.5916705976850745,0.0
base_link,odom,1788732433.142975,0.0,0.0,0.0,-9.628614820305858,-0.030058167882487677,2.5916705976850745,0.0
base_link,odom,1788732433.1629586,0.0,0.0,0.0,-9.628614820305858,-0.030058167882487677,2.5916705976850745,0.0
base_link,odom,1788732433.1861188,0.0,0.0,0.0,-9.628614820305858,-0.030058167882487677,2.5916705976850745,0.0
base_link,odom,1788732433.2030933,0.0,0.0,0.0,-9.628614820305858,-0.030058167882487677,2.5916705976850745,0.0
base_link,odom,1788732433.2231395,0.0,0.0,0.0,-9.628614820305858,-0.030058167882487677,2.5916705976850745,0.0
base_link,odom,1788732433.2434237,0.0,0.0,0.0,-9.628614820305858,-0.030058167882487677,2.5916705976850745,0.0
base_link,odom,1788732433.2631927,0.0,0.0,0.0,-9.628614820305858,-0.030058167882487677,2.5916705976850745,0.0
base_link,odom,1788732433.2862964,0.0,0.0,0.0,-9.628614820305858,-0.030058167882487677,2.5916705976850745,0.0
base_link,odom,1788732433.303054,0.0,0.0,0.0,-9.628614820305858,-0.030058167882487677,2.5916705976850745,0.0
base_link,odom,1788732433.3230052,0.0,0.0,0.0,-9.628614820305858,-0.030058167882487677,2.5916705976850745,0.0
base_link,odom,1788732433.3429708,0.0,0.0,0.0,-9.628614820305858,-0.030058167882487677,2.5916705976850745,0.0
base_link,odom,1788732433.3630006,0.0,0.0,0.0,-9.628614820305858,-0.030058167882487677,2.5916705976850745,0.0
base_link,odom,1788732433.3862088,0.0,0.0,0.0,-9.628614820305858,-0.030058167882487677,2.5916705976850745,0.0
base_link,odom,1788732433.4029753,0.0,0.0,0.0,-9.628614820305858,-0.030058167882487677,2.5916705976850745,0.0
base_link,odom,1788732433.4230108,0.0,0.0,0.0,-9.628614820305858,-0.030058167882487677,2.5916705976850745,0.0
base_link,odom,1788732433.4429693,0.0,0.0,0.0,-9.628614820305858,-0.030058167882487677,2.5916705976850745,0.0
base_link,odom,1788732433.4632301,0.0,0.0,0.0,-9.628614820305858,-0.030058167882487677,2.5916705976850745,0.0
base_link,odom,1788732433.4830058,0.0,0.0,0.0,-9.628614820305858,-0.030058167882487677,2.5916705976850745,0.0
base_link,odom,1788732433.5030072,0.0,0.0,0.0,-9.628614820305858,-0.030058167882487677,2.5916705976850745,0.0
base_link,odom,1788732433.5229907,0.0,0.0,0.0,-9.628614820305858,-0.030058167882487677,2.5916705976850745,0.0
base_link,odom,1788732433.543237,0.0,0.0,0.0,-9.628614820305858,-0.030058167882487677,2.5916705976850745,0.0
base_link,odom,1788732433.562956,0.0,0.0,0.0,-9.628614820305858,-0.030058167882487677,2.5916705976850745,0.0
base_link,odom,1788732433.584872,0.0,0.0,0.0,-9.628614820305858,-0.030058167882487677,2.5916705976850745,0.0
base_link,odom,1788732433.602957,0.0,0.0,0.0,-9.628614820305858,-0.030058167882487677,2.5916705976850745,0.0
base_link,odom,1788732433.6230834,0.0,0.0,0.0,-9.628614820305858,-0.030058167882487677,2.5916705976850745,0.0
base_link,odom,1788732433.6432047,0.0,0.0,0.0,-9.628614820305858,-0.030058167882487677,2.5916705976850745,0.0
base_link,odom,1788732433.6632144,0.0,0.0,0.0,-9.628614820305858,-0.030058167882487677,2.5916705976850745,0.0
base_link,odom,1788732433.683396,0.0,0.0,0.0,-9.628614820305858,-0.030058167882487677,2.5916705976850745,0.0
base_link,odom,1788732433.703318,0.0,0.0,0.0,-9.628614820305858,-0.030058167882487677,2.5916705976850745,0.0
base_link,odom,1788732433.7234967,0.0,0.0,0.0,-9.628614820305858,-0.030058167882487677,2.5916705976850745,0.0
base_link,odom,1788732433.7429764,0.0,0.0,0.0,-9.628614820305858,-0.030058167882487677,2.5916705976850745,0.0
base_link,odom,1788732433.7630417,0.0,0.0,0.0,-9.628614820305858,-0.030058167882487677,2.5916705976850745,0.0
base_link,odom,1788732433.7875314,0.0,0.0,0.0,-9.628614820305858,-0.030058167882487677,2.5916705976850745,0.0
base_link,odom,1788732433.8030481,0.0,0.0,0.0,-9.628614820305858,-0.030058167882487677,2.5916705976850745,0.0
base_link,odom,1788732433.8229856,0.0,0.0,0.0,-9.628614820305858,-0.030058167882487677,2.5916705976850745,0.0
base_link,odom,1788732433.8430524,0.0,0.0,0.0,-9.628614820305858,-0.030058167882487677,2.5916705976850745,0.0
base_link,odom,1788732433.863561,0.0,0.0,0.0,-9.628614820305858,-0.030058167882487677,2.5916705976850745,0.0
base_link,odom,1788732433.8882592,0.0,0.0,0.0,-9.628614820305858,-0.030058167882487677,2.5916705976850745,0.0
base_link,odom,1788732433.903263,0.0,0.0,0.0,-9.628614820305858,-0.030058167882487677,2.5916705976850745,0.0
base_link,odom,1788732433.9235318,0.0,0.0,0.0,-9.628614820305858,-0.030058167882487677,2.5916705976850745,0.0
base_link,odom,1788732433.943426,0.0,0.0,0.0,-9.628614820305858,-0.030058167882487677,2.5916705976850745,0.0
base_link,odom,1788732433.963485,0.0,0.0,0.0,-9.628614820305858,-0.030058167882487677,2.5916705976850745,0.0
base_link,odom,1788732433.983388,0.0,0.0,0.0,-9.628614820305858,-0.030058167882487677,2.5916705976850745,0.0
base_link,odom,1788732434.0031807,0.0,0.0,0.0,-9.628614820305858,-0.030058167882487677,2.5916705976850745,0.0
base_link,odom,1788732434.0232737,0.0,0.0,0.0,-9.628614820305858,-0.030058167882487677,2.5916705976850745,0.0
base_link,odom,1788732434.0432787,0.0,0.0,0.0,-9.628614820305858,-0.030058167882487677,2.5916705976850745,0.0
base_link,odom,1788732434.0631807,0.0,0.0,0.0,-9.628614820305858,-0.030058167882487677,2.5916705976850745,0.0
base_link,odom,1788732434.0834417,0.0,0.0,0.0,-9.628614820305858,-0.030058167882487677,2.5916705976850745,0.0
base_link,odom,1788732434.1030185,0.0,0.0,0.0,-9.628614820305858,-0.030058167882487677,2.5916705976850745,0.0
base_link,odom,1788732434.12327,0.0,0.0,0.0,-9.628614820305858,-0.030058167882487677,2.5916705976850745,0.0
base_link,odom,1788732434.1433938,0.0,0.0,0.0,-9.628614820305858,-0.030058167882487677,2.5916705976850745,0.0
base_link,odom,1788732434.1638792,0.0,0.0,0.0,-9.628614820305858,-0.030058167882487677,2.5916705976850745,0.0
base_link,odom,1788732434.1835802,0.0,0.0,0.0,-9.628614820305858,-0.030058167882487677,2.5916705976850745,0.0
base_link,odom,1788732434.2033885,0.0,0.0,0.0,-9.628614820305858,-0.030058167882487677,2.5916705976850745,0.0
base_link,odom,1788732434.2235687,0.0,0.0,0.0,-9.628614820305858,-0.030058167882487677,2.5916705976850745,0.0
base_link,odom,1788732434.2436657,0.0,0.0,0.0,-9.628614820305858,-0.030058167882487677,2.5916705976850745,0.0
base_link,odom,1788732434.2636065,0.0,0.0,0.0,-9.628614820305858,-0.030058167882487677,2.5916705976850745,0.0
base_link,odom,1788732434.2833917,0.0,0.0,0.0,-9.628614820305858,-0.030058167882487677,2.5916705976850745,0.0
base_link,odom,1788732434.303348,0.0,0.0,0.0,-9.628614820305858,-0.030058167882487677,2.5916705976850745,0.0
base_link,odom,1788732434.3235033,0.0,0.0,0.0,-9.628614820305858,-0.030058167882487677,2.5916705976850745,0.0
base_link,odom,1788732434.3437796,0.0,0.0,0.0,-9.628614820305858,-0.030058167882487677,2.5916705976850745,0.0
base_link,odom,1788732434.3635821,0.0,0.0,0.0,-9.628614820305858,-0.030058167882487677,2.5916705976850745,0.0
base_link,odom,1788732434.3836565,0.0,0.0,0.0,-9.628614820305858,-0.030058167882487677,2.5916705976850745,0.0
base_link,odom,1788732434.4034522,0.0,0.0,0.0,-9.628614820305858,-0.030058167882487677,2.5916705976850745,0.0
base_link,odom,1788732434.4236267,0.0,0.0,0.0,-9.628614820305858,-0.030058167882487677,2.5916705976850745,0.0
base_link,odom,1788732434.4436514,0.0,0.0,0.0,-9.628614820305858,-0.030058167882487677,2.5916705976850745,0.0
base_link,odom,1788732434.4629965,0.0,0.0,0.0,-9.628614820305858,-0.030058167882487677,2.5916705976850745,0.0
base_link,odom,1788732434.4833999,0.0,0.0,0.0,-9.628614820305858,-0.030058167882487677,2.5916705976850745,0.0
base_link,odom,1788732434.5034451,0.0,0.0,0.0,-9.628614820305858,-0.030058167882487677,2.5916705976850745,0.0
base_link,odom,1788732434.5230143,0.0,0.0,0.0,-9.628614820305858,-0.030058167882487677,2.5916705976850745,0.0
base_link,odom,1788732434.5432446,0.0,0.0,0.0,-9.628614820305858,-0.030058167882487677,2.5916705976850745,0.0
base_link,odom,1788732434.5629852,0.0,0.0,0.0,-9.628614820305858,-0.030058167882487677,2.5916705976850745,0.0
base_link,odom,1788732434.583258,0.0,0.0,0.0,-9.628614820305858,-0.030058167882487677,2.5916705976850745,0.0
base_link,odom,1788732434.6034136,0.0,0.0,0.0,-9.628614820305858,-0.030058167882487677,2.5916705976850745,0.0
base_link,odom,1788732434.6232667,0.0,0.0,0.0,-9.628614820305858,-0.030058167882487677,2.5916705976850745,0.0
base_link,odom,1788732434.643403,0.0,0.0,0.0,-9.628614820305858,-0.030058167882487677,2.5916705976850745,0.0
base_link,odom,1788732434.6632833,0.0,0.0,0.0,-9.628614820305858,-0.030058167882487677,2.5916705976850745,0.0
base_link,odom,1788732434.6860166,0.0,0.0,0.0,-9.628614820305858,-0.030058167882487677,2.5916705976850745,0.0
base_link,odom,1788732434.703288,0.0,0.0,0.0,-9.628614820305858,-0.030058167882487677,2.5916705976850745,0.0
base_link,odom,1788732434.723051,0.0,0.0,0.0,-9.628614820305858,-0.030058167882487677,2.5916705976850745,0.0
base_link,odom,1788732434.7434096,0.0,0.0,0.0,-9.628614820305858,-0.030058167882487677,2.5916705976850745,0.0
base_link,odom,1788732434.7635934,0.0,0.0,0.0,-9.628614820305858,-0.030058167882487677,2.5916705976850745,0.0
base_link,odom,1788732434.7859068,0.0,0.0,0.0,-9.628614820305858,-0.030058167882487677,2.5916705976850745,0.0
base_link,odom,1788732434.8030407,0.0,0.0,0.0,-9.628614820305858,-0.030058167882487677,2.5916705976850745,0.0
base_link,odom,1788732434.8231366,0.0,0.0,0.0,-9.628614820305858,-0.030058167882487677,2.5916705976850745,0.0
base_link,odom,1788732434.8435922,0.0,0.0,0.0,-9.628614820305858,-0.030058167882487677,2.5916705976850745,0.0
base_link,odom,1788732434.86324,0.0,0.0,0.0,-9.628614820305858,-0.030058167882487677,2.5916705976850745,0.0
base_link,odom,1788732434.8833258,0.0,0.0,0.0,-9.628614820305858,-0.030058167882487677,2.5916705976850745,0.0
base_link,odom,1788732434.9036887,0.0,0.0,0.0,-9.628614820305858,-0.030058167882487677,2.5916705976850745,0.0
base_link,odom,1788732434.9233866,0.0,0.0,0.0,-9.628614820305858,-0.030058167882487677,2.5916705976850745,0.0
base_link,odom,1788732434.9434965,0.0,0.0,0.0,-9.628614820305858,-0.030058167882487677,2.5916705976850745,0.0
base_link,odom,1788732434.9633446,0.0,0.0,0.0,-9.628614820305858,-0.030058167882487677,2.5916705976850745,0.0
base_link,odom,1788732434.9834325,0.0,0.0,0.0,-9.628614820305858,-0.030058167882487677,2.5916705976850745,0.0
base_link,odom,1788732435.003355,0.0,0.0,0.0,-9.628614820305858,-0.030058167882487677,2.5916705976850745,0.0
base_link,odom,1788732435.0231898,0.0,0.0,0.0,-9.628614820305858,-0.030058167882487677,2.5916705976850745,0.0
base_link,odom,1788732435.0433702,0.0,0.0,0.0,-9.628614820305858,-0.030058167882487677,2.5916705976850745,0.0
base_link,odom,1788732435.0633643,0.0,0.0,0.0,-9.628614820305858,-0.030058167882487677,2.5916705976850745,0.0
base_link,odom,1788732435.0830128,0.0,0.0,0.0,-9.628614820305858,-0.030058167882487677,2.5916705976850745,0.0
base_link,odom,1788732435.1034415,0.0,0.0,0.0,-9.628614820305858,-0.030058167882487677,2.5916705976850745,0.0
base_link,odom,1788732435.1231704,0.0,0.0,0.0,-9.628614820305858,-0.030058167882487677,2.5916705976850745,0.0
base_link,odom,1788732435.1434765,0.0,0.0,0.0,-9.628614820305858,-0.030058167882487677,2.5916705976850745,0.0
base_link,odom,1788732435.1637304,0.0,0.0,0.0,-9.628614820305858,-0.030058167882487677,2.5916705976850745,0.0
base_link,odom,1788732435.183708,0.0,0.0,0.0,-9.628614820305858,-0.030058167882487677,2.5916705976850745,0.0
base_link,odom,1788732435.203649,0.0,0.0,0.0,-9.628614820305858,-0.030058167882487677,2.5916705976850745,0.0
base_link,odom,1788732435.2233226,0.0,0.0,0.0,-9.628614820305858,-0.030058167882487677,2.5916705976850745,0.0
base_link,odom,1788732435.243405,0.0,0.0,0.0,-9.628614820305858,-0.030058167882487677,2.5916705976850745,0.0
base_link,odom,1788732435.2637327,0.0,0.0,0.0,-9.628614820305858,-0.030058167882487677,2.5916705976850745,0.0
base_link,odom,1788732435.2839868,0.0,0.0,0.0,-9.628614820305858,-0.030058167882487677,2.5916705976850745,0.0
base_link,odom,1788732435.3039885,0.0,0.0,0.0,-9.628614820305858,-0.030058167882487677,2.5916705976850745,0.0
base_link,odom,1788732435.3234832,0.0,0.0,0.0,-9.628614820305858,-0.030058167882487677,2.5916705976850745,0.0
base_link,odom,1788732435.3436701,0.0,0.0,0.0,-9.628614820305858,-0.030058167882487677,2.5916705976850745,0.0
base_link,odom,1788732435.3638353,0.0,0.0,0.0,-9.628614820305858,-0.030058167882487677,2.5916705976850745,0.0
base_link,odom,1788732435.3835971,0.0,0.0,0.0,-9.628614820305858,-0.030058167882487677,2.5916705976850745,0.0
base_link,odom,1788732435.4033258,0.0,0.0,0.0,-9.628614820305858,-0.030058167882487677,2.5916705976850745,0.0
base_link,odom,1788732435.4229982,0.0,0.0,0.0,-9.628614820305858,-0.030058167882487677,2.5916705976850745,0.0
base_link,odom,1788732435.4431221,0.0,0.0,0.0,-9.628614820305858,-0.030058167882487677,2.5916705976850745,0.0
base_link,odom,1788732435.4632175,0.0,0.0,0.0,-9.628614820305858,-0.030058167882487677,2.5916705976850745,0.0
base_link,odom,1788732435.4836736,0.0,0.0,0.0,-9.628614820305858,-0.030058167882487677,2.5916705976850745,0.0
base_link,odom,1788732435.503566,0.0,0.0,0.0,-9.628614820305858,-0.030058167882487677,2.5916705976850745,0.0
base_link,odom,1788732435.523531,0.0,0.0,0.0,-9.628614820305858,-0.030058167882487677,2.5916705976850745,0.0
base_link,odom,1788732435.54329,0.0,0.0,0.0,-9.628614820305858,-0.030058167882487677,2.5916705976850745,0.0
base_link,odom,1788732435.5631237,0.0,0.0,0.0,-9.628614820305858,-0.030058167882487677,2.5916705976850745,0.0
base_link,odom,1788732435.5832913,0.0,0.0,0.0,-9.628614820305858,-0.030058167882487677,2.5916705976850745,0.0
base_link,odom,1788732435.6032746,0.0,0.0,0.0,-9.628614820305858,-0.030058167882487677,2.5916705976850745,0.0
base_link,odom,1788732435.623197,0.0,0.0,0.0,-9.628614820305858,-0.030058167882487677,2.5916705976850745,0.0
base_link,odom,1788732435.643138,0.0,0.0,0.0,-9.628614820305858,-0.030058167882487677,2.5916705976850745,0.0
base_link,odom,1788732435.663207,0.0,0.0,0.0,-9.628614820305858,-0.030058167882487677,2.5916705976850745,0.0
base_link,odom,1788732435.6835399,0.0,0.0,0.0,-9.628614820305858,-0.030058167882487677,2.5916705976850745,0.0
base_link,odom,1788732435.703709,0.0,0.0,0.0,-9.628614820305858,-0.030058167882487677,2.5916705976850745,0.0
base_link,odom,1788732435.7231598,0.0,0.0,0.0,-9.628614820305858,-0.030058167882487677,2.5916705976850745,0.0
base_link,odom,1788732435.7433908,0.0,0.0,0.0,-9.628614820305858,-0.030058167882487677,2.5916705976850745,0.0
base_link,odom,1788732435.7634864,0.0,0.0,0.0,-9.628614820305858,-0.030058167882487677,2.5916705976850745,0.0
base_link,odom,1788732435.7830403,0.0,0.0,0.0,-9.628614820305858,-0.030058167882487677,2.5916705976850745,0.0
base_link,odom,1788732435.8031666,0.0,0.0,0.0,-9.628614820305858,-0.030058167882487677,2.5916705976850745,0.0
base_link,odom,1788732435.823272,0.0,0.0,0.0,-9.628614820305858,-0.030058167882487677,2.5916705976850745,0.0
base_link,odom,1788732435.8431606,0.0,0.0,0.0,-9.628614820305858,-0.030058167882487677,2.5916705976850745,0.0
base_link,odom,1788732435.8632607,0.0,0.0,0.0,-9.628614820305858,-0.030058167882487677,2.5916705976850745,0.0
base_link,odom,1788732435.8834372,0.0,0.0,0.0,-9.628614820305858,-0.030058167882487677,2.5916705976850745,0.0
base_link,odom,1788732435.9036868,0.0,0.0,0.0,-9.628614820305858,-0.030058167882487677,2.5916705976850745,0.0
base_link,odom,1788732435.9239457,0.0,0.0,0.0,-9.628614820305858,-0.030058167882487677,2.5916705976850745,0.0
base_link,odom,1788732435.9431362,0.0,0.0,0.0,-9.628614820305858,-0.030058167882487677,2.5916705976850745,0.0
base_link,odom,1788732435.963626,0.0,0.0,0.0,-9.628614820305858,-0.030058167882487677,2.5916705976850745,0.0
base_link,odom,1788732435.9834518,0.0,0.0,0.0,-9.628614820305858,-0.030058167882487677,2.5916705976850745,0.0
base_link,odom,1788732436.0036595,0.0,0.0,0.0,-9.628614820305858,-0.030058167882487677,2.5916705976850745,0.0
base_link,odom,1788732436.023302,0.0,0.0,0.0,-9.628614820305858,-0.030058167882487677,2.5916705976850745,0.0
base_link,odom,1788732436.0435436,0.0,0.0,0.0,-9.628614820305858,-0.030058167882487677,2.5916705976850745,0.0
base_link,odom,1788732436.06335,0.0,0.0,0.0,-9.628614820305858,-0.030058167882487677,2.5916705976850745,0.0
base_link,odom,1788732436.088535,0.0,0.0,0.0,-9.628614820305858,-0.030058167882487677,2.5916705976850745,0.0
base_link,odom,1788732436.1032858,0.0,0.0,0.0,-9.628614820305858,-0.030058167882487677,2.5916705976850745,0.0
base_link,odom,1788732436.1231055,0.0,0.0,0.0,-9.628614820305858,-0.030058167882487677,2.5916705976850745,0.0
base_link,odom,1788732436.1433425,0.0,0.0,0.0,-9.628614820305858,-0.030058167882487677,2.5916705976850745,0.0
base_link,odom,1788732436.1632721,0.0,0.0,0.0,-9.628614820305858,-0.030058167882487677,2.5916705976850745,0.0
base_link,odom,1788732436.1834939,0.0,0.0,0.0,-9.628614820305858,-0.030058167882487677,2.5916705976850745,0.0
base_link,odom,1788732436.2032745,0.0,0.0,0.0,-9.628614820305858,-0.030058167882487677,2.5916705976850745,0.0
base_link,odom,1788732436.2231085,0.0,0.0,0.0,-9.628614820305858,-0.030058167882487677,2.5916705976850745,0.0
base_link,odom,1788732436.2433732,0.0,0.0,0.0,-9.628614820305858,-0.030058167882487677,2.5916705976850745,0.0
base_link,odom,1788732436.2629423,0.0,0.0,0.0,-9.628614820305858,-0.030058167882487677,2.5916705976850745,0.0
base_link,odom,1788732436.285881,0.0,0.0,0.0,-9.628614820305858,-0.030058167882487677,2.5916705976850745,0.0
base_link,odom,1788732436.3031988,0.0,0.0,0.0,-9.628614820305858,-0.030058167882487677,2.5916705976850745,0.0
base_link,odom,1788732436.3230448,0.0,0.0,0.0,-9.628614820305858,-0.030058167882487677,2.5916705976850745,0.0
base_link,odom,1788732436.3430839,0.0,0.0,0.0,-9.628614820305858,-0.030058167882487677,2.5916705976850745,0.0
base_link,odom,1788732436.3629973,0.0,0.0,0.0,-9.628614820305858,-0.030058167882487677,2.5916705976850745,0.0
base_link,odom,1788732436.3832161,0.0,0.0,0.0,-9.628614820305858,-0.030058167882487677,2.5916705976850745,0.0
base_link,odom,1788732436.4031873,0.0,0.0,0.0,-9.628614820305858,-0.030058167882487677,2.5916705976850745,0.0
base_link,odom,1788732436.4231017,0.0,0.0,0.0,-9.628614820305858,-0.030058167882487677,2.5916705976850745,0.0
base_link,odom,1788732436.4432442,0.0,0.0,0.0,-9.628614820305858,-0.030058167882487677,2.5916705976850745,0.0
base_link,odom,1788732436.4631755,0.0,0.0,0.0,-9.628614820305858,-0.030058167882487677,2.5916705976850745,0.0
base_link,odom,1788732436.4834929,0.0,0.0,0.0,-9.628614820305858,-0.030058167882487677,2.5916705976850745,0.0
base_link,odom,1788732436.5034163,0.0,0.0,0.0,-9.628614820305858,-0.030058167882487677,2.5916705976850745,0.0
base_link,odom,1788732436.5231798,0.0,0.0,0.0,-9.628614820305858,-0.030058167882487677,2.5916705976850745,0.0
base_link,odom,1788732436.543547,0.0,0.0,0.0,-9.628614820305858,-0.030058167882487677,2.5916705976850745,0.0
base_link,odom,1788732436.5636353,0.0,0.0,0.0,-9.628614820305858,-0.030058167882487677,2.5916705976850745,0.0
base_link,odom,1788732436.5836754,0.0,0.0,0.0,-9.628614820305858,-0.030058167882487677,2.5916705976850745,0.0
base_link,odom,1788732436.6041522,0.0,0.0,0.0,-9.628614820305858,-0.030058167882487677,2.5916705976850745,0.0
base_link,odom,1788732436.6232398,0.0,0.0,0.0,-9.628614820305858,-0.030058167882487677,2.5916705976850745,0.0
base_link,odom,1788732436.6433365,0.0,0.0,0.0,-9.628614820305858,-0.030058167882487677,2.5916705976850745,0.0
base_link,odom,1788732436.6638432,0.0,0.0,0.0,-9.628614820305858,-0.030058167882487677,2.5916705976850745,0.0
base_link,odom,1788732436.6836987,0.0,0.0,0.0,-9.628614820305858,-0.030058167882487677,2.5916705976850745,0.0
base_link,odom,1788732436.7036242,0.0,0.0,0.0,-9.628614820305858,-0.030058167882487677,2.5916705976850745,0.0
base_link,odom,1788732436.723251,0.0,0.0,0.0,-9.628614820305858,-0.030058167882487677,2.5916705976850745,0.0
base_link,odom,1788732436.7436907,0.0,0.0,0.0,-9.628614820305858,-0.030058167882487677,2.5916705976850745,0.0
base_link,odom,1788732436.7637541,0.0,0.0,0.0,-9.628614820305858,-0.030058167882487677,2.5916705976850745,0.0
base_link,odom,1788732436.7837152,0.0,0.0,0.0,-9.628614820305858,-0.030058167882487677,2.5916705976850745,0.0
base_link,odom,1788732436.8036296,0.0,0.0,0.0,-9.628614820305858,-0.030058167882487677,2.5916705976850745,0.0
base_link,odom,1788732436.8234844,0.0,0.0,0.0,-9.628614820305858,-0.030058167882487677,2.5916705976850745,0.0
base_link,odom,1788732436.8436556,0.0,0.0,0.0,-9.628614820305858,-0.030058167882487677,2.5916705976850745,0.0
base_link,odom,1788732436.863637,0.0,0.0,0.0,-9.628614820305858,-0.030058167882487677,2.5916705976850745,0.0
base_link,odom,1788732436.883737,0.0,0.0,0.0,-9.628614820305858,-0.030058167882487677,2.5916705976850745,0.0
base_link,odom,1788732436.9036973,0.0,0.0,0.0,-9.628614820305858,-0.030058167882487677,2.5916705976850745,0.0
base_link,odom,1788732436.9235833,0.0,0.0,0.0,-9.628614820305858,-0.030058167882487677,2.5916705976850745,0.0
base_link,odom,1788732436.9434109,0.0,0.0,0.0,-9.628614820305858,-0.030058167882487677,2.5916705976850745,0.0
base_link,odom,1788732436.9631815,0.0,0.0,0.0,-9.628614820305858,-0.030058167882487677,2.5916705976850745,0.0
base_link,odom,1788732436.9835408,0.0,0.0,0.0,-9.628614820305858,-0.030058167882487677,2.5916705976850745,0.0
base_link,odom,1788732437.0030162,0.0,0.0,0.0,-9.628614820305858,-0.030058167882487677,2.5916705976850745,0.0
base_link,odom,1788732437.0230033,0.0,0.0,0.0,-9.628614820305858,-0.030058167882487677,2.5916705976850745,0.0
base_link,odom,1788732437.0432487,0.0,0.0,0.0,-9.628614820305858,-0.030058167882487677,2.5916705976850745,0.0
base_link,odom,1788732437.0635536,0.0,0.0,0.0,-9.628614820305858,-0.030058167882487677,2.5916705976850745,0.0
base_link,odom,1788732437.0835388,0.0,0.0,0.0,-9.628614820305858,-0.030058167882487677,2.5916705976850745,0.0
base_link,odom,1788732437.1030147,0.0,0.0,0.0,-9.628614820305858,-0.030058167882487677,2.5916705976850745,0.0
base_link,odom,1788732437.1231966,0.0,0.0,0.0,-9.628614820305858,-0.030058167882487677,2.5916705976850745,0.0
base_link,odom,1788732437.14314,0.0,0.0,0.0,-9.628614820305858,-0.030058167882487677,2.5916705976850745,0.0
base_link,odom,1788732437.1633976,0.0,0.0,0.0,-9.628614820305858,-0.030058167882487677,2.5916705976850745,0.0
base_link,odom,1788732437.1835313,0.0,0.0,0.0,-9.628614820305858,-0.030058167882487677,2.5916705976850745,0.0
base_link,odom,1788732437.2034152,0.0,0.0,0.0,-9.628614820305858,-0.030058167882487677,2.5916705976850745,0.0
base_link,odom,1788732437.2230697,0.0,0.0,0.0,-9.628614820305858,-0.030058167882487677,2.5916705976850745,0.0
base_link,odom,1788732437.243079,0.0,0.0,0.0,-9.628614820305858,-0.030058167882487677,2.5916705976850745,0.0
base_link,odom,1788732437.2633393,0.0,0.0,0.0,-9.628614820305858,-0.030058167882487677,2.5916705976850745,0.0
base_link,odom,1788732437.2831633,0.0,0.0,0.0,-9.628614820305858,-0.030058167882487677,2.5916705976850745,0.0
base_link,odom,1788732437.3035762,0.0,0.0,0.0,-9.628614820305858,-0.030058167882487677,2.5916705976850745,0.0
base_link,odom,1788732437.3234375,0.0,0.0,0.0,-9.628614820305858,-0.030058167882487677,2.5916705976850745,0.0
base_link,odom,1788732437.343369,0.0,0.0,0.0,-9.628614820305858,-0.030058167882487677,2.5916705976850745,0.0
base_link,odom,1788732437.3634036,0.0,0.0,0.0,-9.628614820305858,-0.030058167882487677,2.5916705976850745,0.0
base_link,odom,1788732437.383127,0.0,0.0,0.0,-9.628614820305858,-0.030058167882487677,2.5916705976850745,0.0
base_link,odom,1788732437.40309,0.0,0.0,0.0,-9.628614820305858,-0.030058167882487677,2.5916705976850745,0.0
base_link,odom,1788732437.4239337,0.0,0.0,0.0,-9.628614820305858,-0.030058167882487677,2.5916705976850745,0.0
base_link,odom,1788732437.443627,0.0,0.0,0.0,-9.628614820305858,-0.030058167882487677,2.5916705976850745,0.0
base_link,odom,1788732437.4631646,0.0,0.0,0.0,-9.628614820305858,-0.030058167882487677,2.5916705976850745,0.0
base_link,odom,1788732437.483861,0.0,0.0,0.0,-9.628614820305858,-0.030058167882487677,2.5916705976850745,0.0
base_link,odom,1788732437.5034792,0.0,0.0,0.0,-9.628614820305858,-0.030058167882487677,2.5916705976850745,0.0
base_link,odom,1788732437.5235028,0.0,0.0,0.0,-9.628614820305858,-0.030058167882487677,2.5916705976850745,0.0
base_link,odom,1788732437.543217,0.0,0.0,0.0,-9.628614820305858,-0.030058167882487677,2.5916705976850745,0.0
base_link,odom,1788732437.5631075,0.0,0.0,0.0,-9.628614820305858,-0.030058167882487677,2.5916705976850745,0.0
base_link,odom,1788732437.5833595,0.0,0.0,0.0,-9.628614820305858,-0.030058167882487677,2.5916705976850745,0.0
base_link,odom,1788732437.6035643,0.0,0.0,0.0,-9.628614820305858,-0.030058167882487677,2.5916705976850745,0.0
base_link,odom,1788732437.6270278,0.0,0.0,0.0,-9.628614820305858,-0.030058167882487677,2.5916705976850745,0.0
base_link,odom,1788732437.6433885,0.0,0.0,0.0,-9.628614820305858,-0.030058167882487677,2.5916705976850745,0.0
base_link,odom,1788732437.6632895,0.0,0.0,0.0,-9.628614820305858,-0.030058167882487677,2.5916705976850745,0.0
base_link,odom,1788732437.6836865,0.0,0.0,0.0,-9.628614820305858,-0.030058167882487677,2.5916705976850745,0.0
base_link,odom,1788732437.703628,0.0,0.0,0.0,-9.628614820305858,-0.030058167882487677,2.5916705976850745,0.0
base_link,odom,1788732437.7233052,0.0,0.0,0.0,-9.628614820305858,-0.030058167882487677,2.5916705976850745,0.0
base_link,odom,1788732437.7434447,0.0,0.0,0.0,-9.628614820305858,-0.030058167882487677,2.5916705976850745,0.0
base_link,odom,1788732437.7631373,0.0,0.0,0.0,-9.628614820305858,-0.030058167882487677,2.5916705976850745,0.0
base_link,odom,1788732437.7833288,0.0,0.0,0.0,-9.628614820305858,-0.030058167882487677,2.5916705976850745,0.0
base_link,odom,1788732437.8034072,0.0,0.0,0.0,-9.628614820305858,-0.030058167882487677,2.5916705976850745,0.0
base_link,odom,1788732437.8235962,0.0,0.0,0.0,-9.628614820305858,-0.030058167882487677,2.5916705976850745,0.0
base_link,odom,1788732437.8431482,0.0,0.0,0.0,-9.628614820305858,-0.030058167882487677,2.5916705976850745,0.0
base_link,odom,1788732437.8631551,0.0,0.0,0.0,-9.628614820305858,-0.030058167882487677,2.5916705976850745,0.0
base_link,odom,1788732437.883444,0.0,0.0,0.0,-9.628614820305858,-0.030058167882487677,2.5916705976850745,0.0
base_link,odom,1788732437.903236,0.0,0.0,0.0,-9.628614820305858,-0.030058167882487677,2.5916705976850745,0.0
base_link,odom,1788732437.9235253,0.0,0.0,0.0,-9.628614820305858,-0.030058167882487677,2.5916705976850745,0.0
base_link,odom,1788732437.9435012,0.0,0.0,0.0,-9.628614820305858,-0.030058167882487677,2.5916705976850745,0.0
base_link,odom,1788732437.963157,0.0,0.0,0.0,-9.628614820305858,-0.030058167882487677,2.5916705976850745,0.0
base_link,odom,1788732437.9833496,0.0,0.0,0.0,-9.628614820305858,-0.030058167882487677,2.5916705976850745,0.0
base_link,odom,1788732438.0036948,0.0,0.0,0.0,-9.628614820305858,-0.030058167882487677,2.5916705976850745,0.0
base_link,odom,1788732438.0230572,0.0,0.0,0.0,-9.628614820305858,-0.030058167882487677,2.5916705976850745,0.0
base_link,odom,1788732438.0436594,0.0,0.0,0.0,-9.628614820305858,-0.030058167882487677,2.5916705976850745,0.0
base_link,odom,1788732438.0635178,0.0,0.0,0.0,-9.628614820305858,-0.030058167882487677,2.5916705976850745,0.0
base_link,odom,1788732438.0836017,0.0,0.0,0.0,-9.628614820305858,-0.030058167882487677,2.5916705976850745,0.0
base_link,odom,1788732438.103723,0.0,0.0,0.0,-9.628614820305858,-0.030058167882487677,2.5916705976850745,0.0
base_link,odom,1788732438.123561,0.0,0.0,0.0,-9.628614820305858,-0.030058167882487677,2.5916705976850745,0.0
base_link,odom,1788732438.1435595,0.0,0.0,0.0,-9.628614820305858,-0.030058167882487677,2.5916705976850745,0.0
base_link,odom,1788732438.1631513,0.0,0.0,0.0,-9.628614820305858,-0.030058167882487677,2.5916705976850745,0.0
base_link,odom,1788732438.183595,0.0,0.0,0.0,-9.628614820305858,-0.030058167882487677,2.5916705976850745,0.0
base_link,odom,1788732438.2034204,0.0,0.0,0.0,-9.628614820305858,-0.030058167882487677,2.5916705976850745,0.0
base_link,odom,1788732438.2229521,0.0,0.0,0.0,-9.628614820305858,-0.030058167882487677,2.5916705976850745,0.0
base_link,odom,1788732438.243427,0.0,0.0,0.0,-9.628614820305858,-0.030058167882487677,2.5916705976850745,0.0
base_link,odom,1788732438.2629864,0.0,0.0,0.0,-9.628614820305858,-0.030058167882487677,2.5916705976850745,0.0
base_link,odom,1788732438.2836456,0.0,0.0,0.0,-9.628614820305858,-0.030058167882487677,2.5916705976850745,0.0
base_link,odom,1788732438.3036313,0.0,0.0,0.0,-9.628614820305858,-0.030058167882487677,2.5916705976850745,0.0
base_link,odom,1788732438.3233426,0.0,0.0,0.0,-9.628614820305858,-0.030058167882487677,2.5916705976850745,0.0
base_link,odom,1788732438.3437424,0.0,0.0,0.0,-9.628614820305858,-0.030058167882487677,2.5916705976850745,0.0
base_link,odom,1788732438.3633332,0.0,0.0,0.0,-9.628614820305858,-0.030058167882487677,2.5916705976850745,0.0
base_link,odom,1788732438.3837802,0.0,0.0,0.0,-9.628614820305858,-0.030058167882487677,2.5916705976850745,0.0
base_link,odom,1788732438.4039638,0.0,0.0,0.0,-9.628614820305858,-0.030058167882487677,2.5916705976850745,0.0
base_link,odom,1788732438.423479,0.0,0.0,0.0,-9.628614820305858,-0.030058167882487677,2.5916705976850745,0.0
base_link,odom,1788732438.4435616,0.0,0.0,0.0,-9.628614820305858,-0.030058167882487677,2.5916705976850745,0.0
base_link,odom,1788732438.4631722,0.0,0.0,0.0,-9.628614820305858,-0.030058167882487677,2.5916705976850745,0.0
base_link,odom,1788732438.4832096,0.0,0.0,0.0,-9.628614820305858,-0.030058167882487677,2.5916705976850745,0.0
base_link,odom,1788732438.5033467,0.0,0.0,0.0,-9.628614820305858,-0.030058167882487677,2.5916705976850745,0.0
base_link,odom,1788732438.523284,0.0,0.0,0.0,-9.628614820305858,-0.030058167882487677,2.5916705976850745,0.0
base_link,odom,1788732438.5432885,0.0,0.0,0.0,-9.628614820305858,-0.030058167882487677,2.5916705976850745,0.0
base_link,odom,1788732438.5634894,0.0,0.0,0.0,-9.628614820305858,-0.030058167882487677,2.5916705976850745,0.0
base_link,odom,1788732438.5837061,0.0,0.0,0.0,-9.628614820305858,-0.030058167882487677,2.5916705976850745,0.0
base_link,odom,1788732438.6036458,0.0,0.0,0.0,-9.628614820305858,-0.030058167882487677,2.5916705976850745,0.0
base_link,odom,1788732438.6244009,0.0,0.0,0.0,-9.628614820305858,-0.030058167882487677,2.5916705976850745,0.0
base_link,odom,1788732438.6431594,0.0,0.0,0.0,-9.628614820305858,-0.030058167882487677,2.5916705976850745,0.0
base_link,odom,1788732438.6635113,0.0,0.0,0.0,-9.628614820305858,-0.030058167882487677,2.5916705976850745,0.0
base_link,odom,1788732438.6834724,0.0,0.0,0.0,-9.628614820305858,-0.030058167882487677,2.5916705976850745,0.0
base_link,odom,1788732438.7035072,0.0,0.0,0.0,-9.628614820305858,-0.030058167882487677,2.5916705976850745,0.0
base_link,odom,1788732438.7231593,0.0,0.0,0.0,-9.628614820305858,-0.030058167882487677,2.5916705976850745,0.0
base_link,odom,1788732438.7430315,0.0,0.0,0.0,-9.628614820305858,-0.030058167882487677,2.5916705976850745,0.0
base_link,odom,1788732438.7632506,0.0,0.0,0.0,-9.628614820305858,-0.030058167882487677,2.5916705976850745,0.0
base_link,odom,1788732438.7830207,0.0,0.0,0.0,-9.628614820305858,-0.030058167882487677,2.5916705976850745,0.0
base_link,odom,1788732438.8036218,0.0,0.0,0.0,-9.628614820305858,-0.030058167882487677,2.5916705976850745,0.0
base_link,odom,1788732438.8234186,0.0,0.0,0.0,-9.628614820305858,-0.030058167882487677,2.5916705976850745,0.0
base_link,odom,1788732438.8430102,0.0,0.0,0.0,-9.628614820305858,-0.030058167882487677,2.5916705976850745,0.0
base_link,odom,1788732438.8640835,0.0,0.0,0.0,-9.628614820305858,-0.030058167882487677,2.5916705976850745,0.0
base_link,odom,1788732438.883053,0.0,0.0,0.0,-9.628614820305858,-0.030058167882487677,2.5916705976850745,0.0
base_link,odom,1788732438.9037411,0.0,0.0,0.0,-9.628614820305858,-0.030058167882487677,2.5916705976850745,0.0
base_link,odom,1788732438.923252,0.0,0.0,0.0,-9.628614820305858,-0.030058167882487677,2.5916705976850745,0.0
base_link,odom,1788732438.9431994,0.0,0.0,0.0,-9.628614820305858,-0.030058167882487677,2.5916705976850745,0.0
base_link,odom,1788732438.9632635,0.0,0.0,0.0,-9.628614820305858,-0.030058167882487677,2.5916705976850745,0.0
base_link,odom,1788732438.9834483,0.0,0.0,0.0,-9.628614820305858,-0.030058167882487677,2.5916705976850745,0.0
base_link,odom,1788732439.0035584,0.0,0.0,0.0,-9.628614820305858,-0.030058167882487677,2.5916705976850745,0.0
base_link,odom,1788732439.0238225,0.0,0.0,0.0,-9.628614820305858,-0.030058167882487677,2.5916705976850745,0.0
base_link,odom,1788732439.0435112,0.0,0.0,0.0,-9.628614820305858,-0.030058167882487677,2.5916705976850745,0.0
base_link,odom,1788732439.0636249,0.0,0.0,0.0,-9.628614820305858,-0.030058167882487677,2.5916705976850745,0.0
base_link,odom,1788732439.0836306,0.0,0.0,0.0,-9.628614820305858,-0.030058167882487677,2.5916705976850745,0.0
base_link,odom,1788732439.1034076,0.0,0.0,0.0,-9.628614820305858,-0.030058167882487677,2.5916705976850745,0.0
base_link,odom,1788732439.1232378,0.0,0.0,0.0,-9.628614820305858,-0.030058167882487677,2.5916705976850745,0.0
base_link,odom,1788732439.1431627,0.0,0.0,0.0,-9.628614820305858,-0.030058167882487677,2.5916705976850745,0.0
base_link,odom,1788732439.163359,0.0,0.0,0.0,-9.628614820305858,-0.030058167882487677,2.5916705976850745,0.0
base_link,odom,1788732439.1833777,0.0,0.0,0.0,-9.628614820305858,-0.030058167882487677,2.5916705976850745,0.0
base_link,odom,1788732439.2031763,0.0,0.0,0.0,-9.628614820305858,-0.030058167882487677,2.5916705976850745,0.0
base_link,odom,1788732439.2230427,0.0,0.0,0.0,-9.628614820305858,-0.030058167882487677,2.5916705976850745,0.0
base_link,odom,1788732439.2435453,0.0,0.0,0.0,-9.628614820305858,-0.030058167882487677,2.5916705976850745,0.0
base_link,odom,1788732439.2635996,0.0,0.0,0.0,-9.628614820305858,-0.030058167882487677,2.5916705976850745,0.0
base_link,odom,1788732439.2833734,0.0,0.0,0.0,-9.628614820305858,-0.030058167882487677,2.5916705976850745,0.0
base_link,odom,1788732439.3035777,0.0,0.0,0.0,-9.628614820305858,-0.030058167882487677,2.5916705976850745,0.0
base_link,odom,1788732439.3235118,0.0,0.0,0.0,-9.628614820305858,-0.030058167882487677,2.5916705976850745,0.0
base_link,odom,1788732439.3435462,0.0,0.0,0.0,-9.628614820305858,-0.030058167882487677,2.5916705976850745,0.0
base_link,odom,1788732439.3630912,0.0,0.0,0.0,-9.628614820305858,-0.030058167882487677,2.5916705976850745,0.0
base_link,odom,1788732439.3834007,0.0,0.0,0.0,-9.628614820305858,-0.030058167882487677,2.5916705976850745,0.0
base_link,odom,1788732439.403471,0.0,0.0,0.0,-9.628614820305858,-0.030058167882487677,2.5916705976850745,0.0
base_link,odom,1788732439.423673,0.0,0.0,0.0,-9.628614820305858,-0.030058167882487677,2.5916705976850745,0.0
base_link,odom,1788732439.443408,0.0,0.0,0.0,-9.628614820305858,-0.030058167882487677,2.5916705976850745,0.0
base_link,odom,1788732439.4633436,0.0,0.0,0.0,-9.628614820305858,-0.030058167882487677,2.5916705976850745,0.0
base_link,odom,1788732439.4835188,0.0,0.0,0.0,-9.628614820305858,-0.030058167882487677,2.5916705976850745,0.0
base_link,odom,1788732439.5032353,0.0,0.0,0.0,-9.628614820305858,-0.030058167882487677,2.5916705976850745,0.0
base_link,odom,1788732439.5230017,0.0,0.0,0.0,-9.628614820305858,-0.030058167882487677,2.5916705976850745,0.0
base_link,odom,1788732439.5432916,0.0,0.0,0.0,-9.628614820305858,-0.030058167882487677,2.5916705976850745,0.0
base_link,odom,1788732439.5632732,0.0,0.0,0.0,-9.628614820305858,-0.030058167882487677,2.5916705976850745,0.0
base_link,odom,1788732439.5836504,0.0,0.0,0.0,-9.628614820305858,-0.030058167882487677,2.5916705976850745,0.0
base_link,odom,1788732439.6035485,0.0,0.0,0.0,-9.628614820305858,-0.030058167882487677,2.5916705976850745,0.0
base_link,odom,1788732439.6229944,0.0,0.0,0.0,-9.628614820305858,-0.030058167882487677,2.5916705976850745,0.0
base_link,odom,1788732439.6433885,0.0,0.0,0.0,-9.628614820305858,-0.030058167882487677,2.5916705976850745,0.0
base_link,odom,1788732439.663425,0.0,0.0,0.0,-9.628614820305858,-0.030058167882487677,2.5916705976850745,0.0
base_link,odom,1788732439.6832192,0.0,0.0,0.0,-9.628614820305858,-0.030058167882487677,2.5916705976850745,0.0
base_link,odom,1788732439.7034001,0.0,0.0,0.0,-9.628614820305858,-0.030058167882487677,2.5916705976850745,0.0
base_link,odom,1788732439.723567,0.0,0.0,0.0,-9.628614820305858,-0.030058167882487677,2.5916705976850745,0.0
base_link,odom,1788732439.7430274,0.0,0.0,0.0,-9.628614820305858,-0.030058167882487677,2.5916705976850745,0.0
base_link,odom,1788732439.7631896,0.0,0.0,0.0,-9.628614820305858,-0.030058167882487677,2.5916705976850745,0.0
base_link,odom,1788732439.7830179,0.0,0.0,0.0,-9.628614820305858,-0.030058167882487677,2.5916705976850745,0.0
base_link,odom,1788732439.8033907,0.0,0.0,0.0,-9.628614820305858,-0.030058167882487677,2.5916705976850745,0.0
base_link,odom,1788732439.8231804,0.0,0.0,0.0,-9.628614820305858,-0.030058167882487677,2.5916705976850745,0.0
base_link,odom,1788732439.8432121,0.0,0.0,0.0,-9.628614820305858,-0.030058167882487677,2.5916705976850745,0.0
base_link,odom,1788732439.8634136,0.0,0.0,0.0,-9.628614820305858,-0.030058167882487677,2.5916705976850745,0.0
base_link,odom,1788732439.8835058,0.0,0.0,0.0,-9.628614820305858,-0.030058167882487677,2.5916705976850745,0.0
base_link,odom,1788732439.9035745,0.0,0.0,0.0,-9.628614820305858,-0.030058167882487677,2.5916705976850745,0.0
base_link,odom,1788732439.923094,0.0,0.0,0.0,-9.628614820305858,-0.030058167882487677,2.5916705976850745,0.0
base_link,odom,1788732439.9434302,0.0,0.0,0.0,-9.628614820305858,-0.030058167882487677,2.5916705976850745,0.0
base_link,odom,1788732439.963759,0.0,0.0,0.0,-9.628614820305858,-0.030058167882487677,2.5916705976850745,0.0
base_link,odom,1788732439.9837382,0.0,0.0,0.0,-9.628614820305858,-0.030058167882487677,2.5916705976850745,0.0
base_link,odom,1788732440.0031507,0.0,0.0,0.0,-9.628614820305858,-0.030058167882487677,2.5916705976850745,0.0
base_link,odom,1788732440.023325,0.0,0.0,0.0,-9.628614820305858,-0.030058167882487677,2.5916705976850745,0.0
base_link,odom,1788732440.0433779,0.0,0.0,0.0,-9.628614820305858,-0.030058167882487677,2.5916705976850745,0.0
base_link,odom,1788732440.063353,0.0,0.0,0.0,-9.628614820305858,-0.030058167882487677,2.5916705976850745,0.0
base_link,odom,1788732440.083388,0.0,0.0,0.0,-9.628614820305858,-0.030058167882487677,2.5916705976850745,0.0
base_link,odom,1788732440.103534,0.0,0.0,0.0,-9.628614820305858,-0.030058167882487677,2.5916705976850745,0.0
base_link,odom,1788732440.1289084,0.0,0.0,0.0,-9.628614820305858,-0.030058167882487677,2.5916705976850745,0.0
base_link,odom,1788732440.143321,0.0,0.0,0.0,-9.628614820305858,-0.030058167882487677,2.5916705976850745,0.0
base_link,odom,1788732440.1633484,0.0,0.0,0.0,-9.628614820305858,-0.030058167882487677,2.5916705976850745,0.0
base_link,odom,1788732440.1832,0.0,0.0,0.0,-9.628614820305858,-0.030058167882487677,2.5916705976850745,0.0
base_link,odom,1788732440.2029905,0.0,0.0,0.0,-9.628614820305858,-0.030058167882487677,2.5916705976850745,0.0
base_link,odom,1788732440.2243524,0.0,0.0,0.0,-9.628614820305858,-0.030058167882487677,2.5916705976850745,0.0
base_link,odom,1788732440.2434442,0.0,0.0,0.0,-9.628614820305858,-0.030058167882487677,2.5916705976850745,0.0
base_link,odom,1788732440.2637663,0.0,0.0,0.0,-9.628614820305858,-0.030058167882487677,2.5916705976850745,0.0
base_link,odom,1788732440.2830532,0.0,0.0,0.0,-9.628614820305858,-0.030058167882487677,2.5916705976850745,0.0
base_link,odom,1788732440.3029861,0.0,0.0,0.0,-9.628614820305858,-0.030058167882487677,2.5916705976850745,0.0
base_link,odom,1788732440.3232944,0.0,0.0,0.0,-9.628614820305858,-0.030058167882487677,2.5916705976850745,0.0
base_link,odom,1788732440.3433554,0.0,0.0,0.0,-9.628614820305858,-0.030058167882487677,2.5916705976850745,0.0
base_link,odom,1788732440.3636043,0.0,0.0,0.0,-9.628614820305858,-0.030058167882487677,2.5916705976850745,0.0
base_link,odom,1788732440.3836012,0.0,0.0,0.0,-9.628614820305858,-0.030058167882487677,2.5916705976850745,0.0
base_link,odom,1788732440.403517,0.0,0.0,0.0,-9.628614820305858,-0.030058167882487677,2.5916705976850745,0.0
base_link,odom,1788732440.423087,0.0,0.0,0.0,-9.628614820305858,-0.030058167882487677,2.5916705976850745,0.0
base_link,odom,1788732440.4433775,0.0,0.0,0.0,-9.628614820305858,-0.030058167882487677,2.5916705976850745,0.0
base_link,odom,1788732440.4633727,0.0,0.0,0.0,-9.628614820305858,-0.030058167882487677,2.5916705976850745,0.0
base_link,odom,1788732440.4830887,0.0,0.0,0.0,-9.628614820305858,-0.030058167882487677,2.5916705976850745,0.0
base_link,odom,1788732440.5036125,0.0,0.0,0.0,-9.628614820305858,-0.030058167882487677,2.5916705976850745,0.0
base_link,odom,1788732440.525936,0.0,0.0,0.0,-9.628614820305858,-0.030058167882487677,2.5916705976850745,0.0
base_link,odom,1788732440.5433693,0.0,0.0,0.0,-9.628614820305858,-0.030058167882487677,2.5916705976850745,0.0
base_link,odom,1788732440.5635178,0.0,0.0,0.0,-9.628614820305858,-0.030058167882487677,2.5916705976850745,0.0
base_link,odom,1788732440.5834858,0.0,0.0,0.0,-9.628614820305858,-0.030058167882487677,2.5916705976850745,0.0
base_link,odom,1788732440.6033795,0.0,0.0,0.0,-9.628614820305858,-0.030058167882487677,2.5916705976850745,0.0
base_link,odom,1788732440.6234088,0.0,0.0,0.0,-9.628614820305858,-0.030058167882487677,2.5916705976850745,0.0
base_link,odom,1788732440.6435468,0.0,0.0,0.0,-9.628614820305858,-0.030058167882487677,2.5916705976850745,0.0
base_link,odom,1788732440.663307,0.0,0.0,0.0,-9.628614820305858,-0.030058167882487677,2.5916705976850745,0.0
base_link,odom,1788732440.6833816,0.0,0.0,0.0,-9.628614820305858,-0.030058167882487677,2.5916705976850745,0.0
base_link,odom,1788732440.7035468,0.0,0.0,0.0,-9.628614820305858,-0.030058167882487677,2.5916705976850745,0.0
base_link,odom,1788732440.7234116,0.0,0.0,0.0,-9.628614820305858,-0.030058167882487677,2.5916705976850745,0.0
base_link,odom,1788732440.7435875,0.0,0.0,0.0,-9.628614820305858,-0.030058167882487677,2.5916705976850745,0.0
base_link,odom,1788732440.763252,0.0,0.0,0.0,-9.628614820305858,-0.030058167882487677,2.5916705976850745,0.0
base_link,odom,1788732440.7834516,0.0,0.0,0.0,-9.628614820305858,-0.030058167882487677,2.5916705976850745,0.0
base_link,odom,1788732440.803503,0.0,0.0,0.0,-9.628614820305858,-0.030058167882487677,2.5916705976850745,0.0
base_link,odom,1788732440.8230789,0.0,0.0,0.0,-9.628614820305858,-0.030058167882487677,2.5916705976850745,0.0
base_link,odom,1788732440.8434155,0.0,0.0,0.0,-9.628614820305858,-0.030058167882487677,2.5916705976850745,0.0
base_link,odom,1788732440.862969,0.0,0.0,0.0,-9.628614820305858,-0.030058167882487677,2.5916705976850745,0.0
base_link,odom,1788732440.8830364,0.0,0.0,0.0,-9.628614820305858,-0.030058167882487677,2.5916705976850745,0.0
base_link,odom,1788732440.9031749,0.0,0.0,0.0,-9.628614820305858,-0.030058167882487677,2.5916705976850745,0.0
base_link,odom,1788732440.9236424,0.0,0.0,0.0,-9.628614820305858,-0.030058167882487677,2.5916705976850745,0.0
base_link,odom,1788732440.9432445,0.0,0.0,0.0,-9.628614820305858,-0.030058167882487677,2.5916705976850745,0.0
base_link,odom,1788732440.9629889,0.0,0.0,0.0,-9.628614820305858,-0.030058167882487677,2.5916705976850745,0.0
base_link,odom,1788732440.9831066,0.0,0.0,0.0,-9.628614820305858,-0.030058167882487677,2.5916705976850745,0.0
base_link,odom,1788732441.0032368,0.0,0.0,0.0,-9.628614820305858,-0.030058167882487677,2.5916705976850745,0.0
base_link,odom,1788732441.0238347,0.0,0.0,0.0,-9.628614820305858,-0.030058167882487677,2.5916705976850745,0.0
base_link,odom,1788732441.0431883,0.0,0.0,0.0,-9.628614820305858,-0.030058167882487677,2.5916705976850745,0.0
base_link,odom,1788732441.0633636,0.0,0.0,0.0,-9.628614820305858,-0.030058167882487677,2.5916705976850745,0.0
base_link,odom,1788732441.0833464,0.0,0.0,0.0,-9.628614820305858,-0.030058167882487677,2.5916705976850745,0.0
base_link,odom,1788732441.1030087,0.0,0.0,0.0,-9.628614820305858,-0.030058167882487677,2.5916705976850745,0.0
base_link,odom,1788732441.1230109,0.0,0.0,0.0,-9.628614820305858,-0.030058167882487677,2.5916705976850745,0.0
base_link,odom,1788732441.1432705,0.0,0.0,0.0,-9.628614820305858,-0.030058167882487677,2.5916705976850745,0.0
base_link,odom,1788732441.163396,0.0,0.0,0.0,-9.628614820305858,-0.030058167882487677,2.5916705976850745,0.0
base_link,odom,1788732441.1833487,0.0,0.0,0.0,-9.628614820305858,-0.030058167882487677,2.5916705976850745,0.0
base_link,odom,1788732441.203391,0.0,0.0,0.0,-9.628614820305858,-0.030058167882487677,2.5916705976850745,0.0
base_link,odom,1788732441.2233346,0.0,0.0,0.0,-9.628614820305858,-0.030058167882487677,2.5916705976850745,0.0
base_link,odom,1788732441.2430565,0.0,0.0,0.0,-9.628614820305858,-0.030058167882487677,2.5916705976850745,0.0
base_link,odom,1788732441.2629833,0.0,0.0,0.0,-9.628614820305858,-0.030058167882487677,2.5916705976850745,0.0
base_link,odom,1788732441.2831547,0.0,0.0,0.0,-9.628614820305858,-0.030058167882487677,2.5916705976850745,0.0
base_link,odom,1788732441.3034046,0.0,0.0,0.0,-9.628614820305858,-0.030058167882487677,2.5916705976850745,0.0
base_link,odom,1788732441.326183,0.0,0.0,0.0,-9.628614820305858,-0.030058167882487677,2.5916705976850745,0.0
base_link,odom,1788732441.34333,0.0,0.0,0.0,-9.628614820305858,-0.030058167882487677,2.5916705976850745,0.0
base_link,odom,1788732441.3635108,0.0,0.0,0.0,-9.628614820305858,-0.030058167882487677,2.5916705976850745,0.0
base_link,odom,1788732441.3835268,0.0,0.0,0.0,-9.628614820305858,-0.030058167882487677,2.5916705976850745,0.0
base_link,odom,1788732441.4032793,0.0,0.0,0.0,-9.628614820305858,-0.030058167882487677,2.5916705976850745,0.0
base_link,odom,1788732441.4233184,0.0,0.0,0.0,-9.628614820305858,-0.030058167882487677,2.5916705976850745,0.0
base_link,odom,1788732441.443564,0.0,0.0,0.0,-9.628614820305858,-0.030058167882487677,2.5916705976850745,0.0
base_link,odom,1788732441.463669,0.0,0.0,0.0,-9.628614820305858,-0.030058167882487677,2.5916705976850745,0.0
base_link,odom,1788732441.48367,0.0,0.0,0.0,-9.628614820305858,-0.030058167882487677,2.5916705976850745,0.0
base_link,odom,1788732441.5032105,0.0,0.0,0.0,-9.628614820305858,-0.030058167882487677,2.5916705976850745,0.0
base_link,odom,1788732441.5262687,0.0,0.0,0.0,-9.628614820305858,-0.030058167882487677,2.5916705976850745,0.0
base_link,odom,1788732441.5434859,0.0,0.0,0.0,-9.628614820305858,-0.030058167882487677,2.5916705976850745,0.0
base_link,odom,1788732441.5634618,0.0,0.0,0.0,-9.628614820305858,-0.030058167882487677,2.5916705976850745,0.0
base_link,odom,1788732441.5833018,0.0,0.0,0.0,-9.628614820305858,-0.030058167882487677,2.5916705976850745,0.0
base_link,odom,1788732441.6034703,0.0,0.0,0.0,-9.628614820305858,-0.030058167882487677,2.5916705976850745,0.0
base_link,odom,1788732441.6232357,0.0,0.0,0.0,-9.628614820305858,-0.030058167882487677,2.5916705976850745,0.0
base_link,odom,1788732441.6431725,0.0,0.0,0.0,-9.628614820305858,-0.030058167882487677,2.5916705976850745,0.0
base_link,odom,1788732441.6634164,0.0,0.0,0.0,-9.628614820305858,-0.030058167882487677,2.5916705976850745,0.0
base_link,odom,1788732441.6832495,0.0,0.0,0.0,-9.628614820305858,-0.030058167882487677,2.5916705976850745,0.0
base_link,odom,1788732441.703264,0.0,0.0,0.0,-9.628614820305858,-0.030058167882487677,2.5916705976850745,0.0
base_link,odom,1788732441.7232053,0.0,0.0,0.0,-9.628614820305858,-0.030058167882487677,2.5916705976850745,0.0
base_link,odom,1788732441.7433722,0.0,0.0,0.0,-9.628614820305858,-0.030058167882487677,2.5916705976850745,0.0
base_link,odom,1788732441.7635741,0.0,0.0,0.0,-9.628614820305858,-0.030058167882487677,2.5916705976850745,0.0
base_link,odom,1788732441.783248,0.0,0.0,0.0,-9.628614820305858,-0.030058167882487677,2.5916705976850745,0.0
base_link,odom,1788732441.8036695,0.0,0.0,0.0,-9.628614820305858,-0.030058167882487677,2.5916705976850745,0.0
base_link,odom,1788732441.8235896,0.0,0.0,0.0,-9.628614820305858,-0.030058167882487677,2.5916705976850745,0.0
base_link,odom,1788732441.843628,0.0,0.0,0.0,-9.628614820305858,-0.030058167882487677,2.5916705976850745,0.0
base_link,odom,1788732441.8636901,0.0,0.0,0.0,-9.628614820305858,-0.030058167882487677,2.5916705976850745,0.0
base_link,odom,1788732441.8833888,0.0,0.0,0.0,-9.628614820305858,-0.030058167882487677,2.5916705976850745,0.0
base_link,odom,1788732441.9036386,0.0,0.0,0.0,-9.628614820305858,-0.030058167882487677,2.5916705976850745,0.0
base_link,odom,1788732441.9235313,0.0,0.0,0.0,-9.628614820305858,-0.030058167882487677,2.5916705976850745,0.0
base_link,odom,1788732441.943397,0.0,0.0,0.0,-9.628614820305858,-0.030058167882487677,2.5916705976850745,0.0
base_link,odom,1788732441.9632816,0.0,0.0,0.0,-9.628614820305858,-0.030058167882487677,2.5916705976850745,0.0
base_link,odom,1788732441.9833949,0.0,0.0,0.0,-9.628614820305858,-0.030058167882487677,2.5916705976850745,0.0
base_link,odom,1788732442.0033264,0.0,0.0,0.0,-9.628614820305858,-0.030058167882487677,2.5916705976850745,0.0
base_link,odom,1788732442.0232415,0.0,0.0,0.0,-9.628614820305858,-0.030058167882487677,2.5916705976850745,0.0
base_link,odom,1788732442.0432606,0.0,0.0,0.0,-9.628614820305858,-0.030058167882487677,2.5916705976850745,0.0
base_link,odom,1788732442.062952,0.0,0.0,0.0,-9.628614820305858,-0.030058167882487677,2.5916705976850745,0.0
base_link,odom,1788732442.0831678,0.0,0.0,0.0,-9.628614820305858,-0.030058167882487677,2.5916705976850745,0.0
base_link,odom,1788732442.1029804,0.0,0.0,0.0,-9.628614820305858,-0.030058167882487677,2.5916705976850745,0.0
base_link,odom,1788732442.1229851,0.0,0.0,0.0,-9.628614820305858,-0.030058167882487677,2.5916705976850745,0.0
base_link,odom,1788732442.1429644,0.0,0.0,0.0,-9.628614820305858,-0.030058167882487677,2.5916705976850745,0.0
base_link,odom,1788732442.163401,0.0,0.0,0.0,-9.628614820305858,-0.030058167882487677,2.5916705976850745,0.0
base_link,odom,1788732442.1835172,0.0,0.0,0.0,-9.628614820305858,-0.030058167882487677,2.5916705976850745,0.0
base_link,odom,1788732442.2035964,0.0,0.0,0.0,-9.628614820305858,-0.030058167882487677,2.5916705976850745,0.0
base_link,odom,1788732442.2235336,0.0,0.0,0.0,-9.628614820305858,-0.030058167882487677,2.5916705976850745,0.0
base_link,odom,1788732442.243383,0.0,0.0,0.0,-9.628614820305858,-0.030058167882487677,2.5916705976850745,0.0
