data,stamp
"{""source"": null, ""blocked_by"": ""no_source"", ""estop_latched"": false, ""override_active"": false, ""gates"": {""estop_latched"": false, ""arm_stowed"": true, ""enable"": false, ""override"": false}, ""source_ages"": {""nav"": 422.534}, ""twist"": {""vx"": 0.0, ""vy"": 0.0, ""wz"": 0.0}}",1788556266.337653
"{""source"": null, ""blocked_by"": ""no_source"", ""estop_latched"": false, ""override_active"": false, ""gates"": {""estop_latched"": false, ""arm_stowed"": true, ""enable"": false, ""override"": false}, ""source_ages"": {""nav"": 422.584}, ""twist"": {""vx"": 0.0, ""vy"": 0.0, ""wz"": 0.0}}",1788556266.3879173
"{""source"": null, ""blocked_by"": ""no_source"", ""estop_latched"": false, ""override_active"": false, ""gates"": {""estop_latched"": false, ""arm_stowed"": true, ""enable"": false, ""override"": false}, ""source_ages"": {""nav"": 422.634}, ""twist"": {""vx"": 0.0, ""vy"": 0.0, ""wz"": 0.0}}",1788556266.438254
"{""source"": null, ""blocked_by"": ""no_source"", ""estop_latched"": false, ""override_active"": false, ""gates"": {""estop_latched"": false, ""arm_stowed"": true, ""enable"": false, ""override"": false}, ""source_ages"": {""nav"": 422.684}, ""twist"": {""vx"": 0.0, ""vy"": 0.0, ""wz"": 0.0}}",1788556266.4881163
"{""source"": null, ""blocked_by"": ""no_source"", ""estop_latched"": false, ""override_active"": false, ""gates"": {""estop_latched"": false, ""arm_stowed"": true, ""enable"": false, ""override"": false}, ""source_ages"": {""nav"": 422.734}, ""twist"": {""vx"": 0.0, ""vy"": 0.0, ""wz"": 0.0}}",1788556266.5379589
"{""source"": null, ""blocked_by"": ""no_source"", ""estop_latched"": false, ""override_active"": false, ""gates"": {""estop_latched"": false, ""arm_stowed"": true, ""enable"": false, ""override"": false}, ""source_ages"": {""nav"": 422.784}, ""twist"": {""vx"": 0.0, ""vy"": 0.0, ""wz"": 0.0}}",1788556266.5881429
"{""source"": null, ""blocked_by"": ""no_source"", ""estop_latched"": false, ""override_active"": false, ""gates"": {""estop_latched"": false, ""arm_stowed"": true, ""enable"": false, ""override"": false}, ""source_ages"": {""nav"": 422.834}, ""twist"": {""vx"": 0.0, ""vy"": 0.0, ""wz"": 0.0}}",1788556266.6380506
"{""source"": null, ""blocked_by"": ""no_source"", ""estop_latched"": false, ""override_active"": false, ""gates"": {""estop_latched"": false, ""arm_stowed"": true, ""enable"": false, ""override"": false}, ""source_ages"": {""nav"": 422.884}, ""twist"": {""vx"": 0.0, ""vy"": 0.0, ""wz"": 0.0}}",1788556266.687996
"{""source"": null, ""blocked_by"": ""no_source"", ""estop_latched"": false, ""override_active"": false, ""gates"": {""estop_latched"": false, ""arm_stowed"": true, ""enable"": false, ""override"": false}, ""source_ages"": {""nav"": 422.934}, ""twist"": {""vx"": 0.0, ""vy"": 0.0, ""wz"": 0.0}}",1788556266.7381349
"{""source"": null, ""blocked_by"": ""no_source"", ""estop_latched"": false, ""override_active"": false, ""gates"": {""estop_latched"": false, ""arm_stowed"": true, ""enable"": false, ""override"": false}, ""source_ages"": {""nav"": 422.984}, ""twist"": {""vx"": 0.0, ""vy"": 0.0, ""wz"": 0.0}}",1788556266.7880778
"{""source"": null, ""blocked_by"": ""no_source"", ""estop_latched"": false, ""override_active"": false, ""gates"": {""estop_latched"": false, ""arm_stowed"": true, ""enable"": false, ""override"": false}, ""source_ages"": {""nav"": 423.034}, ""twist"": {""vx"": 0.0, ""vy"": 0.0, ""wz"": 0.0}}",1788556266.83833
"{""source"": null, ""blocked_by"": ""no_source"", ""estop_latched"": false, ""override_active"": false, ""gates"": {""estop_latched"": false, ""arm_stowed"": true, ""enable"": false, ""override"": false}, ""source_ages"": {""nav"": 423.084}, ""twist"": {""vx"": 0.0, ""vy"": 0.0, ""wz"": 0.0}}",1788556266.888235
"{""source"": null, ""blocked_by"": ""no_source"", ""estop_latched"": false, ""override_active"": false, ""gates"": {""estop_latched"": false, ""arm_stowed"": true, ""enable"": false, ""override"": false}, ""source_ages"": {""nav"": 423.134}, ""twist"": {""vx"": 0.0, ""vy"": 0.0, ""wz"": 0.0}}",1788556266.9381957
"{""source"": null, ""blocked_by"": ""no_source"", ""estop_latched"": false, ""override_active"": false, ""gates"": {""estop_latched"": false, ""arm_stowed"": true, ""enable"": false, ""override"": false}, ""source_ages"": {""nav"": 423.184}, ""twist"": {""vx"": 0.0, ""vy"": 0.0, ""wz"": 0.0}}",1788556266.988277
"{""source"": null, ""blocked_by"": ""no_source"", ""estop_latched"": false, ""override_active"": false, ""gates"": {""estop_latched"": false, ""arm_stowed"": true, ""enable"": false, ""override"": false}, ""source_ages"": {""nav"": 423.234}, ""twist"": {""vx"": 0.0, ""vy"": 0.0, ""wz"": 0.0}}",1788556267.0382783
"{""source"": null, ""blocked_by"": ""no_source"", ""estop_latched"": false, ""override_active"": false, ""gates"": {""estop_latched"": false, ""arm_stowed"": true, ""enable"": false, ""override"": false}, ""source_ages"": {""nav"": 423.284}, ""twist"": {""vx"": 0.0, ""vy"": 0.0, ""wz"": 0.0}}",1788556267.0882742
"{""source"": null, ""blocked_by"": ""no_source"", ""estop_latched"": false, ""override_active"": false, ""gates"": {""estop_latched"": false, ""arm_stowed"": true, ""enable"": false, ""override"": false}, ""source_ages"": {""nav"": 423.334}, ""twist"": {""vx"": 0.0, ""vy"": 0.0, ""wz"": 0.0}}",1788556267.1382089
"{""source"": null, ""blocked_by"": ""no_source"", ""estop_latched"": false, ""override_active"": false, ""gates"": {""estop_latched"": false, ""arm_stowed"": true, ""enable"": false, ""override"": false}, ""source_ages"": {""nav"": 423.384}, ""twist"": {""vx"": 0.0, ""vy"": 0.0, ""wz"": 0.0}}",1788556267.1883705
"{""source"": null, ""blocked_by"": ""no_source"", ""estop_latched"": false, ""override_active"": false, ""gates"": {""estop_latched"": false, ""arm_stowed"": true, ""enable"": false, ""override"": false}, ""source_ages"": {""nav"": 423.434}, ""twist"": {""vx"": 0.0, ""vy"": 0.0, ""wz"": 0.0}}",1788556267.2382102
"{""source"": null, ""blocked_by"": ""no_source"", ""estop_latched"": false, ""override_active"": false, ""gates"": {""estop_latched"": false, ""arm_stowed"": true, ""enable"": false, ""override"": false}, ""source_ages"": {""nav"": 423.484}, ""twist"": {""vx"": 0.0, ""vy"": 0.0, ""wz"": 0.0}}",1788556267.2882068
"{""source"": null, ""blocked_by"": ""no_source"", ""estop_latched"": false, ""override_active"": false, ""gates"": {""estop_latched"": false, ""arm_stowed"": true, ""enable"": false, ""override"": false}, ""source_ages"": {""nav"": 423.534}, ""twist"": {""vx"": 0.0, ""vy"": 0.0, ""wz"": 0.0}}",1788556267.3381135
"{""source"": null, ""blocked_by"": ""no_source"", ""estop_latched"": false, ""override_active"": false, ""gates"": {""estop_latched"": false, ""arm_stowed"": true, ""enable"": false, ""override"": false}, ""source_ages"": {""nav"": 423.584}, ""twist"": {""vx"": 0.0, ""vy"": 0.0, ""wz"": 0.0}}",1788556267.388223
"{""source"": null, ""blocked_by"": ""no_source"", ""estop_latched"": false, ""override_active"": false, ""gates"": {""estop_latched"": false, ""arm_stowed"": true, ""enable"": false, ""override"": false}, ""source_ages"": {""nav"": 423.634}, ""twist"": {""vx"": 0.0, ""vy"": 0.0, ""wz"": 0.0}}",1788556267.4381003
"{""source"": null, ""blocked_by"": ""no_source"", ""estop_latched"": false, ""override_active"": false, ""gates"": {""estop_latched"": false, ""arm_stowed"": true, ""enable"": false, ""override"": false}, ""source_ages"": {""nav"": 423.684}, ""twist"": {""vx"": 0.0, ""vy"": 0.0, ""wz"": 0.0}}",1788556267.4880228
"{""source"": null, ""blocked_by"": ""no_source"", ""estop_latched"": false, ""override_active"": false, ""gates"": {""estop_latched"": false, ""arm_stowed"": true, ""enable"": false, ""override"": false}, ""source_ages"": {""nav"": 423.734}, ""twist"": {""vx"": 0.0, ""vy"": 0.0, ""wz"": 0.0}}",1788556267.5382607
"{""source"": null, ""blocked_by"": ""no_source"", ""estop_latched"": false, ""override_active"": false, ""gates"": {""estop_latched"": false, ""arm_stowed"": true, ""enable"": false, ""override"": false}, ""source_ages"": {""nav"": 423.785}, ""twist"": {""vx"": 0.0, ""vy"": 0.0, ""wz"": 0.0}}",1788556267.58826
"{""source"": null, ""blocked_by"": ""no_source"", ""estop_latched"": false, ""override_active"": false, ""gates"": {""estop_latched"": false, ""arm_stowed"": true, ""enable"": false, ""override"": false}, ""source_ages"": {""nav"": 423.834}, ""twist"": {""vx"": 0.0, ""vy"": 0.0, ""wz"": 0.0}}",1788556267.6380422
"{""source"": null, ""blocked_by"": ""no_source"", ""estop_latched"": false, ""override_active"": false, ""gates"": {""estop_latched"": false, ""arm_stowed"": true, ""enable"": false, ""override"": false}, ""source_ages"": {""nav"": 423.884}, ""twist"": {""vx"": 0.0, ""vy"": 0.0, ""wz"": 0.0}}",1788556267.6881876
"{""source"": null, ""blocked_by"": ""no_source"", ""estop_latched"": false, ""override_active"": false, ""gates"": {""estop_latched"": false, ""arm_stowed"": true, ""enable"": false, ""override"": false}, ""source_ages"": {""nav"": 423.934}, ""twist"": {""vx"": 0.0, ""vy"": 0.0, ""wz"": 0.0}}",1788556267.738078
"{""source"": null, ""blocked_by"": ""no_source"", ""estop_latched"": false, ""override_active"": false, ""gates"": {""estop_latched"": false, ""arm_stowed"": true, ""enable"": false, ""override"": false}, ""source_ages"": {""nav"": 423.984}, ""twist"": {""vx"": 0.0, ""vy"": 0.0, ""wz"": 0.0}}",1788556267.7884781
"{""source"": null, ""blocked_by"": ""no_source"", ""estop_latched"": false, ""override_active"": false, ""gates"": {""estop_latched"": false, ""arm_stowed"": true, ""enable"": false, ""override"": false}, ""source_ages"": {""nav"": 424.034}, ""twist"": {""vx"": 0.0, ""vy"": 0.0, ""wz"": 0.0}}",1788556267.8382301
"{""source"": null, ""blocked_by"": ""no_source"", ""estop_latched"": false, ""override_active"": false, ""gates"": {""estop_latched"": false, ""arm_stowed"": true, ""enable"": false, ""override"": false}, ""source_ages"": {""nav"": 424.084}, ""twist"": {""vx"": 0.0, ""vy"": 0.0, ""wz"": 0.0}}",1788556267.888341
"{""source"": null, ""blocked_by"": ""no_source"", ""estop_latched"": false, ""override_active"": false, ""gates"": {""estop_latched"": false, ""arm_stowed"": true, ""enable"": false, ""override"": false}, ""source_ages"": {""nav"": 424.134}, ""twist"": {""vx"": 0.0, ""vy"": 0.0, ""wz"": 0.0}}",1788556267.9382262
"{""source"": null, ""blocked_by"": ""no_source"", ""estop_latched"": false, ""override_active"": false, ""gates"": {""estop_latched"": false, ""arm_stowed"": true, ""enable"": false, ""override"": false}, ""source_ages"": {""nav"": 424.184}, ""twist"": {""vx"": 0.0, ""vy"": 0.0, ""wz"": 0.0}}",1788556267.988266
"{""source"": null, ""blocked_by"": ""no_source"", ""estop_latched"": false, ""override_active"": false, ""gates"": {""estop_latched"": false, ""arm_stowed"": true, ""enable"": false, ""override"": false}, ""source_ages"": {""nav"": 424.234}, ""twist"": {""vx"": 0.0, ""vy"": 0.0, ""wz"": 0.0}}",1788556268.0383077
"{""source"": null, ""blocked_by"": ""no_source"", ""estop_latched"": false, ""override_active"": false, ""gates"": {""estop_latched"": false, ""arm_stowed"": true, ""enable"": false, ""override"": false}, ""source_ages"": {""nav"": 424.284}, ""twist"": {""vx"": 0.0, ""vy"": 0.0, ""wz"": 0.0}}",1788556268.088111
"{""source"": null, ""blocked_by"": ""no_source"", ""estop_latched"": false, ""override_active"": false, ""gates"": {""estop_latched"": false, ""arm_stowed"": true, ""enable"": false, ""override"": false}, ""source_ages"": {""nav"": 424.334}, ""twist"": {""vx"": 0.0, ""vy"": 0.0, ""wz"": 0.0}}",1788556268.1381629
"{""source"": null, ""blocked_by"": ""no_source"", ""estop_latched"": false, ""override_active"": false, ""gates"": {""estop_latched"": false, ""arm_stowed"": true, ""enable"": false, ""override"": false}, ""source_ages"": {""nav"": 424.384}, ""twist"": {""vx"": 0.0, ""vy"": 0.0, ""wz"": 0.0}}",1788556268.1881511
"{""source"": null, ""blocked_by"": ""no_source"", ""estop_latched"": false, ""override_active"": false, ""gates"": {""estop_latched"": false, ""arm_stowed"": true, ""enable"": false, ""override"": false}, ""source_ages"": {""nav"": 424.434}, ""twist"": {""vx"": 0.0, ""vy"": 0.0, ""wz"": 0.0}}",1788556268.2381277
"{""source"": null, ""blocked_by"": ""no_source"", ""estop_latched"": false, ""override_active"": false, ""gates"": {""estop_latched"": false, ""arm_stowed"": true, ""enable"": false, ""override"": false}, ""source_ages"": {""nav"": 424.484}, ""twist"": {""vx"": 0.0, ""vy"": 0.0, ""wz"": 0.0}}",1788556268.2880995
"{""source"": null, ""blocked_by"": ""no_source"", ""estop_latched"": false, ""override_active"": false, ""gates"": {""estop_latched"": false, ""arm_stowed"": true, ""enable"": false, ""override"": false}, ""source_ages"": {""nav"": 424.534}, ""twist"": {""vx"": 0.0, ""vy"": 0.0, ""wz"": 0.0}}",1788556268.3383434
"{""source"": null, ""blocked_by"": ""no_source"", ""estop_latched"": false, ""override_active"": false, ""gates"": {""estop_latched"": false, ""arm_stowed"": true, ""enable"": false, ""override"": false}, ""source_ages"": {""nav"": 424.584}, ""twist"": {""vx"": 0.0, ""vy"": 0.0, ""wz"": 0.0}}",1788556268.3883133
"{""source"": null, ""blocked_by"": ""no_source"", ""estop_latched"": false, ""override_active"": false, ""gates"": {""estop_latched"": false, ""arm_stowed"": true, ""enable"": false, ""override"": false}, ""source_ages"": {""nav"": 424.634}, ""twist"": {""vx"": 0.0, ""vy"": 0.0, ""wz"": 0.0}}",1788556268.4381547
"{""source"": null, ""blocked_by"": ""no_source"", ""estop_latched"": false, ""override_active"": false, ""gates"": {""estop_latched"": false, ""arm_stowed"": true, ""enable"": false, ""override"": false}, ""source_ages"": {""nav"": 424.684}, ""twist"": {""vx"": 0.0, ""vy"": 0.0, ""wz"": 0.0}}",1788556268.4882631
"{""source"": null, ""blocked_by"": ""no_source"", ""estop_latched"": false, ""override_active"": false, ""gates"": {""estop_latched"": false, ""arm_stowed"": true, ""enable"": false, ""override"": false}, ""source_ages"": {""nav"": 424.734}, ""twist"": {""vx"": 0.0, ""vy"": 0.0, ""wz"": 0.0}}",1788556268.5386076
"{""source"": null, ""blocked_by"": ""no_source"", ""estop_latched"": false, ""override_active"": false, ""gates"": {""estop_latched"": false, ""arm_stowed"": true, ""enable"": false, ""override"": false}, ""source_ages"": {""nav"": 424.784}, ""twist"": {""vx"": 0.0, ""vy"": 0.0, ""wz"": 0.0}}",1788556268.5883572
"{""source"": null, ""blocked_by"": ""no_source"", ""estop_latched"": false, ""override_active"": false, ""gates"": {""estop_latched"": false, ""arm_stowed"": true, ""enable"": false, ""override"": false}, ""source_ages"": {""nav"": 424.834}, ""twist"": {""vx"": 0.0, ""vy"": 0.0, ""wz"": 0.0}}",1788556268.6386583
"{""source"": null, ""blocked_by"": ""no_source"", ""estop_latched"": false, ""override_active"": false, ""gates"": {""estop_latched"": false, ""arm_stowed"": true, ""enable"": false, ""override"": false}, ""source_ages"": {""nav"": 424.884}, ""twist"": {""vx"": 0.0, ""vy"": 0.0, ""wz"": 0.0}}",1788556268.6880903
"{""source"": null, ""blocked_by"": ""no_source"", ""estop_latched"": false, ""override_active"": false, ""gates"": {""estop_latched"": false, ""arm_stowed"": true, ""enable"": false, ""override"": false}, ""source_ages"": {""nav"": 424.934}, ""twist"": {""vx"": 0.0, ""vy"": 0.0, ""wz"": 0.0}}",1788556268.738052
"{""source"": null, ""blocked_by"": ""no_source"", ""estop_latched"": false, ""override_active"": false, ""gates"": {""estop_latched"": false, ""arm_stowed"": true, ""enable"": false, ""override"": false}, ""source_ages"": {""nav"": 424.984}, ""twist"": {""vx"": 0.0, ""vy"": 0.0, ""wz"": 0.0}}",1788556268.7883554
"{""source"": null, ""blocked_by"": ""no_source"", ""estop_latched"": false, ""override_active"": false, ""gates"": {""estop_latched"": false, ""arm_stowed"": true, ""enable"": false, ""override"": false}, ""source_ages"": {""nav"": 425.034}, ""twist"": {""vx"": 0.0, ""vy"": 0.0, ""wz"": 0.0}}",1788556268.838051
"{""source"": null, ""blocked_by"": ""no_source"", ""estop_latched"": false, ""override_active"": false, ""gates"": {""estop_latched"": false, ""arm_stowed"": true, ""enable"": false, ""override"": false}, ""source_ages"": {""nav"": 425.084}, ""twist"": {""vx"": 0.0, ""vy"": 0.0, ""wz"": 0.0}}",1788556268.8881402
"{""source"": null, ""blocked_by"": ""no_source"", ""estop_latched"": false, ""override_active"": false, ""gates"": {""estop_latched"": false, ""arm_stowed"": true, ""enable"": false, ""override"": false}, ""source_ages"": {""nav"": 425.134}, ""twist"": {""vx"": 0.0, ""vy"": 0.0, ""wz"": 0.0}}",1788556268.9382064
"{""source"": null, ""blocked_by"": ""no_source"", ""estop_latched"": false, ""override_active"": false, ""gates"": {""estop_latched"": false, ""arm_stowed"": true, ""enable"": false, ""override"": false}, ""source_ages"": {""nav"": 425.184}, ""twist"": {""vx"": 0.0, ""vy"": 0.0, ""wz"": 0.0}}",1788556268.9881492
"{""source"": null, ""blocked_by"": ""no_source"", ""estop_latched"": false, ""override_active"": false, ""gates"": {""estop_latched"": false, ""arm_stowed"": true, ""enable"": false, ""override"": false}, ""source_ages"": {""nav"": 425.234}, ""twist"": {""vx"": 0.0, ""vy"": 0.0, ""wz"": 0.0}}",1788556269.0381672
"{""source"": null, ""blocked_by"": ""no_source"", ""estop_latched"": false, ""override_active"": false, ""gates"": {""estop_latched"": false, ""arm_stowed"": true, ""enable"": false, ""override"": false}, ""source_ages"": {""nav"": 425.284}, ""twist"": {""vx"": 0.0, ""vy"": 0.0, ""wz"": 0.0}}",1788556269.0883226
"{""source"": null, ""blocked_by"": ""no_source"", ""estop_latched"": false, ""override_active"": false, ""gates"": {""estop_latched"": false, ""arm_stowed"": true, ""enable"": false, ""override"": false}, ""source_ages"": {""nav"": 425.334}, ""twist"": {""vx"": 0.0, ""vy"": 0.0, ""wz"": 0.0}}",1788556269.1381748
"{""source"": null, ""blocked_by"": ""no_source"", ""estop_latched"": false, ""override_active"": false, ""gates"": {""estop_latched"": false, ""arm_stowed"": true, ""enable"": false, ""override"": false}, ""source_ages"": {""nav"": 425.384}, ""twist"": {""vx"": 0.0, ""vy"": 0.0, ""wz"": 0.0}}",1788556269.188131
"{""source"": null, ""blocked_by"": ""no_source"", ""estop_latched"": false, ""override_active"": false, ""gates"": {""estop_latched"": false, ""arm_stowed"": true, ""enable"": false, ""override"": false}, ""source_ages"": {""nav"": 425.434}, ""twist"": {""vx"": 0.0, ""vy"": 0.0, ""wz"": 0.0}}",1788556269.2381666
"{""source"": null, ""blocked_by"": ""no_source"", ""estop_latched"": false, ""override_active"": false, ""gates"": {""estop_latched"": false, ""arm_stowed"": true, ""enable"": false, ""override"": false}, ""source_ages"": {""nav"": 425.484}, ""twist"": {""vx"": 0.0, ""vy"": 0.0, ""wz"": 0.0}}",1788556269.2884524
"{""source"": null, ""blocked_by"": ""no_source"", ""estop_latched"": false, ""override_active"": false, ""gates"": {""estop_latched"": false, ""arm_stowed"": true, ""enable"": false, ""override"": false}, ""source_ages"": {""nav"": 425.534}, ""twist"": {""vx"": 0.0, ""vy"": 0.0, ""wz"": 0.0}}",1788556269.338136
"{""source"": null, ""blocked_by"": ""no_source"", ""estop_latched"": false, ""override_active"": false, ""gates"": {""estop_latched"": false, ""arm_stowed"": true, ""enable"": false, ""override"": false}, ""source_ages"": {""nav"": 425.584}, ""twist"": {""vx"": 0.0, ""vy"": 0.0, ""wz"": 0.0}}",1788556269.388241
"{""source"": null, ""blocked_by"": ""no_source"", ""estop_latched"": false, ""override_active"": false, ""gates"": {""estop_latched"": false, ""arm_stowed"": true, ""enable"": false, ""override"": false}, ""source_ages"": {""nav"": 425.634}, ""twist"": {""vx"": 0.0, ""vy"": 0.0, ""wz"": 0.0}}",1788556269.438379
"{""source"": null, ""blocked_by"": ""no_source"", ""estop_latched"": false, ""override_active"": false, ""gates"": {""estop_latched"": false, ""arm_stowed"": true, ""enable"": false, ""override"": false}, ""source_ages"": {""nav"": 425.684}, ""twist"": {""vx"": 0.0, ""vy"": 0.0, ""wz"": 0.0}}",1788556269.488378
"{""source"": null, ""blocked_by"": ""no_source"", ""estop_latched"": false, ""override_active"": false, ""gates"": {""estop_latched"": false, ""arm_stowed"": true, ""enable"": false, ""override"": false}, ""source_ages"": {""nav"": 425.734}, ""twist"": {""vx"": 0.0, ""vy"": 0.0, ""wz"": 0.0}}",1788556269.5383227
"{""source"": null, ""blocked_by"": ""no_source"", ""estop_latched"": false, ""override_active"": false, ""gates"": {""estop_latched"": false, ""arm_stowed"": true, ""enable"": false, ""override"": false}, ""source_ages"": {""nav"": 425.784}, ""twist"": {""vx"": 0.0, ""vy"": 0.0, ""wz"": 0.0}}",1788556269.5882843
"{""source"": null, ""blocked_by"": ""no_source"", ""estop_latched"": false, ""override_active"": false, ""gates"": {""estop_latched"": false, ""arm_stowed"": true, ""enable"": false, ""override"": false}, ""source_ages"": {""nav"": 425.834}, ""twist"": {""vx"": 0.0, ""vy"": 0.0, ""wz"": 0.0}}",1788556269.6381848
"{""source"": null, ""blocked_by"": ""no_source"", ""estop_latched"": false, ""override_active"": false, ""gates"": {""estop_latched"": false, ""arm_stowed"": true, ""enable"": false, ""override"": false}, ""source_ages"": {""nav"": 425.884}, ""twist"": {""vx"": 0.0, ""vy"": 0.0, ""wz"": 0.0}}",1788556269.688304
"{""source"": null, ""blocked_by"": ""no_source"", ""estop_latched"": false, ""override_active"": false, ""gates"": {""estop_latched"": false, ""arm_stowed"": true, ""enable"": false, ""override"": false}, ""source_ages"": {""nav"": 425.934}, ""twist"": {""vx"": 0.0, ""vy"": 0.0, ""wz"": 0.0}}",1788556269.738111
"{""source"": null, ""blocked_by"": ""no_source"", ""estop_latched"": false, ""override_active"": false, ""gates"": {""estop_latched"": false, ""arm_stowed"": true, ""enable"": false, ""override"": false}, ""source_ages"": {""nav"": 425.984}, ""twist"": {""vx"": 0.0, ""vy"": 0.0, ""wz"": 0.0}}",1788556269.7880385
"{""source"": null, ""blocked_by"": ""no_source"", ""estop_latched"": false, ""override_active"": false, ""gates"": {""estop_latched"": false, ""arm_stowed"": true, ""enable"": false, ""override"": false}, ""source_ages"": {""nav"": 426.034}, ""twist"": {""vx"": 0.0, ""vy"": 0.0, ""wz"": 0.0}}",1788556269.8382454
"{""source"": null, ""blocked_by"": ""no_source"", ""estop_latched"": false, ""override_active"": false, ""gates"": {""estop_latched"": false, ""arm_stowed"": true, ""enable"": false, ""override"": false}, ""source_ages"": {""nav"": 426.084}, ""twist"": {""vx"": 0.0, ""vy"": 0.0, ""wz"": 0.0}}",1788556269.8882387
"{""source"": null, ""blocked_by"": ""no_source"", ""estop_latched"": false, ""override_active"": false, ""gates"": {""estop_latched"": false, ""arm_stowed"": true, ""enable"": false, ""override"": false}, ""source_ages"": {""nav"": 426.134}, ""twist"": {""vx"": 0.0, ""vy"": 0.0, ""wz"": 0.0}}",1788556269.9380326
"{""source"": null, ""blocked_by"": ""no_source"", ""estop_latched"": false, ""override_active"": false, ""gates"": {""estop_latched"": false, ""arm_stowed"": true, ""enable"": false, ""override"": false}, ""source_ages"": {""nav"": 426.184}, ""twist"": {""vx"": 0.0, ""vy"": 0.0, ""wz"": 0.0}}",1788556269.9878972
"{""source"": null, ""blocked_by"": ""no_source"", ""estop_latched"": false, ""override_active"": false, ""gates"": {""estop_latched"": false, ""arm_stowed"": true, ""enable"": false, ""override"": false}, ""source_ages"": {""nav"": 426.234}, ""twist"": {""vx"": 0.0, ""vy"": 0.0, ""wz"": 0.0}}",1788556270.0381236
"{""source"": null, ""blocked_by"": ""no_source"", ""estop_latched"": false, ""override_active"": false, ""gates"": {""estop_latched"": false, ""arm_stowed"": true, ""enable"": false, ""override"": false}, ""source_ages"": {""nav"": 426.284}, ""twist"": {""vx"": 0.0, ""vy"": 0.0, ""wz"": 0.0}}",1788556270.0883198
"{""source"": null, ""blocked_by"": ""no_source"", ""estop_latched"": false, ""override_active"": false, ""gates"": {""estop_latched"": false, ""arm_stowed"": true, ""enable"": false, ""override"": false}, ""source_ages"": {""nav"": 426.334}, ""twist"": {""vx"": 0.0, ""vy"": 0.0, ""wz"": 0.0}}",1788556270.1381998
"{""source"": null, ""blocked_by"": ""no_source"", ""estop_latched"": false, ""override_active"": false, ""gates"": {""estop_latched"": false, ""arm_stowed"": true, ""enable"": false, ""override"": false}, ""source_ages"": {""nav"": 426.384}, ""twist"": {""vx"": 0.0, ""vy"": 0.0, ""wz"": 0.0}}",1788556270.1881104
"{""source"": null, ""blocked_by"": ""no_source"", ""estop_latched"": false, ""override_active"": false, ""gates"": {""estop_latched"": false, ""arm_stowed"": true, ""enable"": false, ""override"": false}, ""source_ages"": {""nav"": 426.434}, ""twist"": {""vx"": 0.0, ""vy"": 0.0, ""wz"": 0.0}}",1788556270.2382262
"{""source"": null, ""blocked_by"": ""no_source"", ""estop_latched"": false, ""override_active"": false, ""gates"": {""estop_latched"": false, ""arm_stowed"": true, ""enable"": false, ""override"": false}, ""source_ages"": {""nav"": 426.484}, ""twist"": {""vx"": 0.0, ""vy"": 0.0, ""wz"": 0.0}}",1788556270.2880921
"{""source"": null, ""blocked_by"": ""no_source"", ""estop_latched"": false, ""override_active"": false, ""gates"": {""estop_latched"": false, ""arm_stowed"": true, ""enable"": false, ""override"": false}, ""source_ages"": {""nav"": 426.534}, ""twist"": {""vx"": 0.0, ""vy"": 0.0, ""wz"": 0.0}}",1788556270.3381307
"{""source"": null, ""blocked_by"": ""no_source"", ""estop_latched"": false, ""override_active"": false, ""gates"": {""estop_latched"": false, ""arm_stowed"": true, ""enable"": false, ""override"": false}, ""source_ages"": {""nav"": 426.584}, ""twist"": {""vx"": 0.0, ""vy"": 0.0, ""wz"": 0.0}}",1788556270.3881207
"{""source"": null, ""blocked_by"": ""no_source"", ""estop_latched"": false, ""override_active"": false, ""gates"": {""estop_latched"": false, ""arm_stowed"": true, ""enable"": false, ""override"": false}, ""source_ages"": {""nav"": 426.634}, ""twist"": {""vx"": 0.0, ""vy"": 0.0, ""wz"": 0.0}}",1788556270.4382074
"{""source"": null, ""blocked_by"": ""no_source"", ""estop_latched"": false, ""override_active"": false, ""gates"": {""estop_latched"": false, ""arm_stowed"": true, ""enable"": false, ""override"": false}, ""source_ages"": {""nav"": 426.684}, ""twist"": {""vx"": 0.0, ""vy"": 0.0, ""wz"": 0.0}}",1788556270.4883049
"{""source"": null, ""blocked_by"": ""no_source"", ""estop_latched"": false, ""override_active"": false, ""gates"": {""estop_latched"": false, ""arm_stowed"": true, ""enable"": false, ""override"": false}, ""source_ages"": {""nav"": 426.734}, ""twist"": {""vx"": 0.0, ""vy"": 0.0, ""wz"": 0.0}}",1788556270.537642
"{""source"": null, ""blocked_by"": ""no_source"", ""estop_latched"": false, ""override_active"": false, ""gates"": {""estop_latched"": false, ""arm_stowed"": true, ""enable"": false, ""override"": false}, ""source_ages"": {""nav"": 426.784}, ""twist"": {""vx"": 0.0, ""vy"": 0.0, ""wz"": 0.0}}",1788556270.5880308
"{""source"": null, ""blocked_by"": ""no_source"", ""estop_latched"": false, ""override_active"": false, ""gates"": {""estop_latched"": false, ""arm_stowed"": true, ""enable"": false, ""override"": false}, ""source_ages"": {""nav"": 426.834}, ""twist"": {""vx"": 0.0, ""vy"": 0.0, ""wz"": 0.0}}",1788556270.6380746
"{""source"": null, ""blocked_by"": ""no_source"", ""estop_latched"": false, ""override_active"": false, ""gates"": {""estop_latched"": false, ""arm_stowed"": true, ""enable"": false, ""override"": false}, ""source_ages"": {""nav"": 426.884}, ""twist"": {""vx"": 0.0, ""vy"": 0.0, ""wz"": 0.0}}",1788556270.6879926
"{""source"": null, ""blocked_by"": ""no_source"", ""estop_latched"": false, ""override_active"": false, ""gates"": {""estop_latched"": false, ""arm_stowed"": true, ""enable"": false, ""override"": false}, ""source_ages"": {""nav"": 426.934}, ""twist"": {""vx"": 0.0, ""vy"": 0.0, ""wz"": 0.0}}",1788556270.7380388
"{""source"": null, ""blocked_by"": ""no_source"", ""estop_latched"": false, ""override_active"": false, ""gates"": {""estop_latched"": false, ""arm_stowed"": true, ""enable"": false, ""override"": false}, ""source_ages"": {""nav"": 426.984}, ""twist"": {""vx"": 0.0, ""vy"": 0.0, ""wz"": 0.0}}",1788556270.7879865
"{""source"": null, ""blocked_by"": ""no_source"", ""estop_latched"": false, ""override_active"": false, ""gates"": {""estop_latched"": false, ""arm_stowed"": true, ""enable"": false, ""override"": false}, ""source_ages"": {""nav"": 427.034}, ""twist"": {""vx"": 0.0, ""vy"": 0.0, ""wz"": 0.0}}",1788556270.8383
"{""source"": null, ""blocked_by"": ""no_source"", ""estop_latched"": false, ""override_active"": false, ""gates"": {""estop_latched"": false, ""arm_stowed"": true, ""enable"": false, ""override"": false}, ""source_ages"": {""nav"": 427.084}, ""twist"": {""vx"": 0.0, ""vy"": 0.0, ""wz"": 0.0}}",1788556270.8880293
"{""source"": null, ""blocked_by"": ""no_source"", ""estop_latched"": false, ""override_active"": false, ""gates"": {""estop_latched"": false, ""arm_stowed"": true, ""enable"": false, ""override"": false}, ""source_ages"": {""nav"": 427.134}, ""twist"": {""vx"": 0.0, ""vy"": 0.0, ""wz"": 0.0}}",1788556270.9380672
"{""source"": null, ""blocked_by"": ""no_source"", ""estop_latched"": false, ""override_active"": false, ""gates"": {""estop_latched"": false, ""arm_stowed"": true, ""enable"": false, ""override"": false}, ""source_ages"": {""nav"": 427.184}, ""twist"": {""vx"": 0.0, ""vy"": 0.0, ""wz"": 0.0}}",1788556270.9882114
"{""source"": null, ""blocked_by"": ""no_source"", ""estop_latched"": false, ""override_active"": false, ""gates"": {""estop_latched"": false, ""arm_stowed"": true, ""enable"": false, ""override"": false}, ""source_ages"": {""nav"": 427.234}, ""twist"": {""vx"": 0.0, ""vy"": 0.0, ""wz"": 0.0}}",1788556271.0379438
