frame,plan_index,point_index,stamp,x,y,yaw
map,0,0,1788816140.2398694,5.8104540409927665,2.385013583171709,0.0
map,0,1,1788816140.2398694,5.835031372901966,2.426709750785218,0.0
map,0,2,1788816140.2398694,5.850502259362969,2.446347812601285,0.0
map,0,3,1788816140.2398694,5.8672304700614575,2.4649269144406354,0.0
map,0,4,1788816140.2398694,5.883864076266349,2.48358993962108,0.0
map,0,5,1788816140.2398694,5.89994073666216,2.5027366684220134,0.0
map,0,6,1788816140.2398694,5.9166277486295655,2.5213508654767303,0.0
map,0,7,1788816140.2398694,5.932782228850755,2.5404304556047883,0.0
map,0,8,1788816140.2398694,5.949045046475902,2.559418492997107,0.0
map,0,9,1788816140.2398694,5.9656756009229355,2.5780845699354096,0.0
map,0,10,1788816140.2398694,5.981947573821657,2.5970634520541545,0.0
map,0,11,1788816140.2398694,5.998297366545756,2.615976721378953,0.0
map,0,12,1788816140.2398694,6.014885196382778,2.63468094529048,0.0
map,0,13,1788816140.2398694,6.031221256196517,2.6536064216467103,0.0
map,0,14,1788816140.2398694,6.047612247651699,2.672481543998284,0.0
map,0,15,1788816140.2398694,6.063913212250071,2.691437537933094,0.0
map,0,16,1788816140.2398694,6.080273686126674,2.7103401261053897,0.0
map,0,17,1788816140.2398694,6.096676884613288,2.7292060931833895,0.0
map,0,18,1788816140.2398694,6.113000737395595,2.7481407248131937,0.0
map,0,19,1788816140.2398694,6.129374944182558,2.7670326318329863,0.0
map,0,20,1788816140.2398694,6.145677434659859,2.7859855740099384,0.0
map,0,21,1788816140.2398694,6.162013494473598,2.8049095244872397,0.0
map,0,22,1788816140.2398694,6.1783892271394905,2.8237999056281033,0.0
map,0,23,1788816140.2398694,6.194824469083613,2.8426399327643104,0.0
map,0,24,1788816140.2398694,6.211204779386293,2.861524210389458,0.0
map,0,25,1788816140.2398694,6.227586615567901,2.8804100138935347,0.0
map,0,26,1788816140.2398694,6.244275153414236,2.8990242109482516,0.0
map,0,27,1788816140.2398694,6.260710395358359,2.9178627122055296,0.0
map,0,28,1788816140.2398694,6.27772089365871,2.936182414626952,0.0
map,0,29,1788816140.2398694,6.2943453445900275,2.9548545950809704,0.0
map,0,30,1788816140.2398694,6.3106524127041155,2.9738044855000645,0.0
map,0,31,1788816140.2398694,6.327186836778623,2.9925544857794613,0.0
map,0,32,1788816140.2398694,6.343362679304818,3.0116172912393004,0.0
map,0,33,1788816140.2398694,6.359237923682002,3.0309288149645646,0.0
map,0,34,1788816140.2398694,6.375302377046381,3.050084699039072,0.0
map,0,35,1788816140.2398694,6.391026559409596,3.069521344836513,0.0
map,0,36,1788816140.2398694,6.40718866902543,3.088594831448855,0.0
map,0,37,1788816140.2398694,6.422673288396794,3.1082222121124197,0.0
map,0,38,1788816140.2398694,6.437889353076656,3.1280571123103265,0.0
map,0,39,1788816140.2398694,6.453225962191908,3.147798933893565,0.0
map,0,40,1788816140.2398694,6.467865244636613,3.1680656578283752,0.0
map,0,41,1788816140.2398694,6.482452647197732,3.188369002857481,0.0
map,0,42,1788816140.2398694,6.496957652296686,3.2087303312858886,0.0
map,0,43,1788816140.2398694,6.511229197919505,3.2292564546386266,0.0
map,0,44,1788816140.2398694,6.5256563831930805,3.2496727147084776,0.0
map,0,45,1788816140.2398694,6.540039317977715,3.2701225441147663,0.0
map,0,46,1788816140.2398694,6.554324596510895,3.2906379863150015,0.0
map,0,47,1788816140.2398694,6.56834589798936,3.311336533986715,0.0
map,0,48,1788816140.2398694,6.582478588629641,3.3319587877119794,0.0
map,0,49,1788816140.2398694,6.596788281225685,3.3524574452439957,0.0
map,0,50,1788816140.2398694,6.610759228699493,3.373189562252147,0.0
map,0,51,1788816140.2398694,6.625009412017306,3.393730944394175,0.0
map,0,52,1788816140.2398694,6.639238233030113,3.414287585325493,0.0
map,0,53,1788816140.2398694,6.653441114101128,3.4348610109250295,0.0
map,0,54,1788816140.2398694,6.667550916557474,3.4554985234395836,0.0
map,0,55,1788816140.2398694,6.681695814229187,3.476111621891274,0.0
map,0,56,1788816140.2398694,6.6959734633677215,3.496633167607225,0.0
map,0,57,1788816140.2398694,6.710174818559807,3.5172081190856908,0.0
map,0,58,1788816140.2398694,6.724031325113941,3.5380165300402915,0.0
map,0,59,1788816140.2398694,6.737983962040602,3.5587608540798747,0.0
map,0,60,1788816140.2398694,6.7520128929137115,3.5794532982358724,0.0
map,0,61,1788816140.2398694,6.7656649316913615,3.600397512415153,0.0
map,0,62,1788816140.2398694,6.779522964124425,3.621204397490825,0.0
map,0,63,1788816140.2398694,6.793585464333972,3.6418739534628877,0.0
map,0,64,1788816140.2398694,6.8077028961849635,3.662506888340655,0.0
map,0,65,1788816140.2398694,6.8217165682687835,3.6832100136491555,0.0
map,0,66,1788816140.2398694,6.835798904904408,3.7038658367108575,0.0
map,0,67,1788816140.2398694,6.8499758460336295,3.724459098736471,0.0
map,0,68,1788816140.2398694,6.864044449758893,3.745124077071747,0.0
map,0,69,1788816140.2398694,6.878232072040618,3.7657081838237865,0.0
map,0,70,1788816140.2398694,6.892445634264135,3.786273980028678,0.0
map,0,71,1788816140.2398694,6.906729386918386,3.8067924739867713,0.0
map,0,72,1788816140.2398694,6.921090959398015,3.827254510424492,0.0
map,0,73,1788816140.2398694,6.935429643693709,3.8477348574093604,0.0
map,0,74,1788816140.2398694,6.949817156115131,3.868180109178862,0.0
map,0,75,1788816140.2398694,6.964181780352618,3.8886421456165827,0.0
map,0,76,1788816140.2398694,6.978596758594762,3.9090675609600076,0.0
map,0,77,1788816140.2398694,6.99304988381013,3.9294655104827108,0.0
map,0,78,1788816140.2398694,7.00747096556799,3.9498878740682777,0.0
map,0,79,1788816140.2398694,7.021939349572648,3.970275142438478,0.0
map,0,80,1788816140.2398694,7.036378741877655,3.990682247234755,0.0
map,0,81,1788816140.2398694,7.0508578070348165,4.011063412089239,0.0
map,0,82,1788816140.2398694,7.065359760375912,4.031427792275505,0.0
map,0,83,1788816140.2398694,7.079849506685576,4.051799801856415,0.0
map,0,84,1788816140.2398694,7.094371296452749,4.0721504491323195,0.0
map,0,85,1788816140.2398694,7.108867146278129,4.092517881076443,0.0
map,0,86,1788816140.2398694,7.123370625498154,4.112882261262708,0.0
map,0,87,1788816140.2398694,7.137912251691404,4.133217649749323,0.0
map,0,88,1788816140.2398694,7.152447774368937,4.1535576158727245,0.0
map,0,89,1788816140.2398694,7.166908528978951,4.173950987758641,0.0
map,0,90,1788816140.2398694,7.181328084857881,4.194373351344208,0.0
map,0,91,1788816140.2398694,7.195860555777557,4.214714843346538,0.0
map,0,92,1788816140.2398694,7.210454061854392,4.235013610738857,0.0
map,0,93,1788816140.2398694,7.26045406259945,4.285013611483915,0.0
map,0,94,1788816140.2398694,7.2519,4.2985,0.9814000000000003
map,1,0,1788816141.2691586,5.860454041737825,2.435013583916767,0.0
map,1,1,1788816141.2691586,5.870294434950864,2.461959079923755,0.0
map,1,2,1788816141.2691586,5.886847169572519,2.480695347292791,0.0
map,1,3,1788816141.2691586,5.902281434939226,2.50036087492958,0.0
map,1,4,1788816141.2691586,5.918905885870544,2.5190330553835985,0.0
map,1,5,1788816141.2691586,5.934710939816995,2.538404088387093,0.0
map,1,6,1788816141.2691586,5.950667055777416,2.5576484734394818,0.0
map,1,7,1788816141.2691586,5.967203005730852,2.5763999995978075,0.0
map,1,8,1788816141.2691586,5.983246096790225,2.595572668340534,0.0
map,1,9,1788816141.2691586,5.999385318222124,2.6146659913789527,0.0
map,1,10,1788816141.2691586,6.015866336534117,2.633463293905148,0.0
map,1,11,1788816141.2691586,6.032022342634235,2.652542884033206,0.0
map,1,12,1788816141.2691586,6.0482439615283,2.6715644907619627,0.0
map,1,13,1788816141.2691586,6.064377079444483,2.6906623914371686,0.0
map,1,14,1788816141.2691586,6.080578861912471,2.709700782834144,0.0
map,1,15,1788816141.2691586,6.096827946627258,2.7287010272578947,0.0
map,1,16,1788816141.2691586,6.112999211516666,2.747765358596663,0.0
map,1,17,1788816141.2691586,6.1292254080475175,2.7667854394464904,0.0
map,1,18,1788816141.2691586,6.145358525963701,2.7858818142427673,0.0
map,1,19,1788816141.2691586,6.161549627279186,2.8049308867922456,0.0
map,1,20,1788816141.2691586,6.1777819273257535,2.823944864126357,0.0
map,1,21,1788816141.2691586,6.194043219071972,2.842932901518676,0.0
map,1,22,1788816141.2691586,6.210292303786758,2.8619316200634977,0.0
map,1,23,1788816141.2691586,6.2265337591069,2.8809379680029643,0.0
map,1,24,1788816141.2691586,6.24304834675533,2.899706278829509,0.0
map,1,25,1788816141.2691586,6.259378303053353,2.918636332822526,0.0
map,1,26,1788816141.2691586,6.2762194287925865,2.9371132007736342,0.0
map,1,27,1788816141.2691586,6.292691291831005,2.9559196585734036,0.0
map,1,28,1788816141.2691586,6.308854927325768,2.9749916193068167,0.0
map,1,29,1788816141.2691586,6.32524744465988,2.9938667416583904,0.0
map,1,30,1788816141.2691586,6.341287483961395,3.0130439880379036,0.0
map,1,31,1788816141.2691586,6.3570330286296155,3.032462323288197,0.0
map,1,32,1788816141.2691586,6.372964730527173,3.0517280706455914,0.0
map,1,33,1788816141.2691586,6.3885561614235655,3.0712700020891326,0.0
map,1,34,1788816141.2691586,6.404579416056862,3.0904609813790067,0.0
map,1,35,1788816141.2691586,6.419685617453837,3.110379804918008,0.0
map,1,36,1788816141.2691586,6.434614816895049,3.13043290580276,0.0
map,1,37,1788816141.2691586,6.449734751202385,3.150342574068187,0.0
map,1,38,1788816141.2691586,6.46420771284383,3.170726790680529,0.0
map,1,39,1788816141.2691586,6.478634898117406,3.19114305075038,0.0
map,1,40,1788816141.2691586,6.49298884120239,3.2116127165827457,0.0
map,1,41,1788816141.2691586,6.507275645614499,3.232128158782981,0.0
map,1,42,1788816141.2691586,6.520752208315315,3.2531837621240776,0.0
map,1,43,1788816141.2691586,6.534500377465491,3.2740638893883407,0.0
map,1,44,1788816141.2691586,6.54844080736072,3.294817368701498,0.0
map,1,45,1788816141.2691586,6.561751049258277,3.3159797835676237,0.0
map,1,46,1788816141.2691586,6.575717419095298,3.336714952333633,0.0
map,1,47,1788816141.2691586,6.5898012816098515,3.357369249516406,0.0
map,1,48,1788816141.2691586,6.603976696860144,3.3779625115420195,0.0
map,1,49,1788816141.2691586,6.617491406534185,3.3989952266991814,0.0
map,1,50,1788816141.2691586,6.63130213672045,3.419834155232362,0.0
map,1,51,1788816141.2691586,6.645309705288554,3.4405418581776495,0.0
map,1,52,1788816141.2691586,6.659451551202409,3.461156482508269,0.0
map,1,53,1788816141.2691586,6.673340101214052,3.4819435311578637,0.0
map,1,54,1788816141.2691586,6.687594862168652,3.5024818615420337,0.0
map,1,55,1788816141.2691586,6.701941175858991,3.522956105011186,0.0
map,1,56,1788816141.2691586,6.716218824997526,3.5434776507271373,0.0
map,1,57,1788816141.2691586,6.730583449235013,3.563939687164858,0.0
map,1,58,1788816141.2691586,6.7450060568718015,3.584358998992567,0.0
map,1,59,1788816141.2691586,6.7593905175353655,3.6048073025199265,0.0
map,1,60,1788816141.2691586,6.773745986499279,3.625273916594434,0.0
map,1,61,1788816141.2691586,6.788206741109292,3.6456672884803503,0.0
map,1,62,1788816141.2691586,6.802685806266453,3.6660469274559055,0.0
map,1,63,1788816141.2691586,6.817148086755395,3.6864402993418217,0.0
map,1,64,1788816141.2691586,6.831646988338633,3.706806205407016,0.0
map,1,65,1788816141.2691586,6.846170303984735,3.7271553268039916,0.0
map,1,66,1788816141.2691586,6.860681412599405,3.747512077595612,0.0
map,1,67,1788816141.2691586,6.8752276164294415,3.767844414324369,0.0
map,1,68,1788816141.2691586,6.889731095649466,3.788207268631705,0.0
map,1,69,1788816141.2691586,6.904257463053426,3.8085533382708228,0.0
map,1,70,1788816141.2691586,6.9188341844620425,3.8288643126945736,0.0
map,1,71,1788816141.2691586,6.933371233018505,3.8492042788179752,0.0
map,1,72,1788816141.2691586,6.947931169758903,3.869525934394229,0.0
map,1,73,1788816141.2691586,6.962456011283933,3.8898735299122755,0.0
map,1,74,1788816141.2691586,6.97701747390326,3.9101967113674583,0.0
map,1,75,1788816141.2691586,6.991601824706521,3.930501582275493,0.0
map,1,76,1788816141.2691586,7.006151080294416,3.950830867246392,0.0
map,1,77,1788816141.2691586,7.020733905218748,3.9711372640333558,0.0
map,1,78,1788816141.2691586,7.035289264322358,3.9914634972463965,0.0
map,1,79,1788816141.2691586,7.049875141004549,4.011766842275502,0.0
map,1,80,1788816141.2691586,7.0644747505971,4.032061032031034,0.0
map,1,81,1788816141.2691586,7.079062153158219,4.052362851181211,0.0
map,1,82,1788816141.2691586,7.093680073297918,4.072644833905311,0.0
map,1,83,1788816141.2691586,7.108270527616895,4.092945127176559,0.0
map,1,84,1788816141.2691586,7.122862507814801,4.113245420447807,0.0
map,1,85,1788816141.2691586,7.137491109107003,4.133518247898333,0.0
map,1,86,1788816141.2691586,7.152115132762418,4.153795652985647,0.0
map,1,87,1788816141.2691586,7.166658284834597,4.174129515593332,0.0
map,1,88,1788816141.2691586,7.18116481581248,4.19449084402174,0.0
map,1,89,1788816141.2691586,7.19578121007325,4.21477282674584,0.0
map,1,90,1788816141.2691586,7.210454061854392,4.235013610738857,0.0
map,1,91,1788816141.2691586,7.26045406259945,4.285013611483915,0.0
map,1,92,1788816141.2691586,7.2519,4.2985,0.9814000000000003
map,2,0,1788816142.2890847,6.210454046953231,2.8850135906222896,0.0
map,2,1,1788816142.2890847,6.223759711214001,2.9147529709482534,0.0
map,2,2,1788816142.2890847,6.2403536445667385,2.9334526172229936,0.0
map,2,3,1788816142.2890847,6.256161750271048,2.952819072589701,0.0
map,2,4,1788816142.2890847,6.272906745637755,2.9713844415186905,0.0
map,2,5,1788816142.2890847,6.289776863076639,2.989833843649077,0.0
map,2,6,1788816142.2890847,6.306337227092939,3.0085624816234677,0.0
map,2,7,1788816142.2890847,6.323028816697132,3.0271736269203267,0.0
map,2,8,1788816142.2890847,6.339911141167448,3.04561234789821,0.0
map,2,9,1788816142.2890847,6.356329598443352,3.064464582065849,0.0
map,2,10,1788816142.2890847,6.372699227593529,3.0833610667224285,0.0
map,2,11,1788816142.2890847,6.389203134089456,3.102138532822547,0.0
map,2,12,1788816142.2890847,6.405159250049877,3.1213844437538647,0.0
map,2,13,1788816142.2890847,6.42130762675535,3.1404701373976387,0.0
map,2,14,1788816142.2890847,6.436970773961406,3.1599540854418784,0.0
map,2,15,1788816142.2890847,6.4522127785830605,3.1797706750926373,0.0
map,2,16,1788816142.2890847,6.467294565917172,3.1997093350577153,0.0
map,2,17,1788816142.2890847,6.482197825416591,3.219782272368544,0.0
map,2,18,1788816142.2890847,6.497172801225673,3.2398002780379294,0.0
map,2,19,1788816142.2890847,6.5111620592466295,3.260520188014649,0.0
map,2,20,1788816142.2890847,6.5252886463711945,3.281145493497771,0.0
map,2,21,1788816142.2890847,6.53947474277399,3.3017311261287396,0.0
map,2,22,1788816142.2890847,6.553703563786797,3.3222877670600575,0.0
map,2,23,1788816142.2890847,6.565544384275739,3.344304674126416,0.0
map,2,24,1788816142.2890847,6.578172558292039,3.3658806021822976,0.0
map,2,25,1788816142.2890847,6.5920977293979774,3.3866447626479577,0.0
map,2,26,1788816142.2890847,6.606170910760028,3.4073066892253756,0.0
map,2,27,1788816142.2890847,6.619343823553976,3.4285545533115247,0.0
map,2,28,1788816142.2890847,6.633026379910206,3.4494789310647285,0.0
map,2,29,1788816142.2890847,6.647087354240824,3.4701484870367914,0.0
map,2,30,1788816142.2890847,6.661220044881105,3.4907707407620556,0.0
map,2,31,1788816142.2890847,6.675581617360734,3.511234303078705,0.0
map,2,32,1788816142.2890847,6.690120191796126,3.531572743323178,0.0
map,2,33,1788816142.2890847,6.7049120621337295,3.551726552217243,0.0
map,2,34,1788816142.2890847,6.71943690365876,3.5720741477352895,0.0
map,2,35,1788816142.2890847,6.733958693425933,3.592424795011194,0.0
map,2,36,1788816142.2890847,6.748578139444561,3.612703725977436,0.0
map,2,37,1788816142.2890847,6.763173171400325,3.633000967490826,0.0
map,2,38,1788816142.2890847,6.777833816150036,3.6532509067574175,0.0
map,2,39,1788816142.2890847,6.792569228967267,3.6734474402614943,0.0
map,2,40,1788816142.2890847,6.807171890317676,3.6937385782591683,0.0
map,2,41,1788816142.2890847,6.821802017488807,3.7140114057096945,0.0
map,2,42,1788816142.2890847,6.836555740853186,3.7341926804244814,0.0
map,2,43,1788816142.2890847,6.851289627791488,3.754390739807487,0.0
map,2,44,1788816142.2890847,6.8661699991069725,3.774480461786535,0.0
map,2,45,1788816142.2890847,6.881013749328162,3.7945961237073753,0.0
map,2,46,1788816142.2890847,6.895909379432936,3.814673638654991,0.0
map,2,47,1788816142.2890847,6.910901139910237,3.8346794372929445,0.0
map,2,48,1788816142.2890847,6.9258379687460945,3.8547264346619805,0.0
map,2,49,1788816142.2890847,6.9408068410394606,3.8747505438470817,0.0
map,2,50,1788816142.2890847,6.955702471144235,3.8948280587946975,0.0
map,2,51,1788816142.2890847,6.970685076347962,3.914841486827296,0.0
map,2,52,1788816142.2890847,6.985687517977766,3.9348396560706043,0.0
map,2,53,1788816142.2890847,7.000639605602913,3.9548744464082084,0.0
map,2,54,1788816142.2890847,7.015646624869504,3.974869563893659,0.0
map,2,55,1788816142.2890847,7.030607867768225,3.994898250715547,0.0
map,2,56,1788816142.2890847,7.045596576487668,4.014907101111358,0.0
map,2,57,1788816142.2890847,7.060612751027833,4.034896115081093,0.0
map,2,58,1788816142.2890847,7.075602985626205,4.054903439597975,0.0
map,2,59,1788816142.2890847,7.090616108408511,4.07489245356771,0.0
map,2,60,1788816142.2890847,7.105591084217593,4.094911985116024,0.0
map,2,61,1788816142.2890847,7.120578267058107,4.114920835511835,0.0
map,2,62,1788816142.2890847,7.135594441598272,4.134908323602641,0.0
map,2,63,1788816142.2890847,7.150593831470218,4.154909544603807,0.0
map,2,64,1788816142.2890847,7.165530660306075,4.174956541972843,0.0
map,2,65,1788816142.2890847,7.180423238652992,4.195037108678317,0.0
map,2,66,1788816142.2890847,7.195413473251364,4.2150444331951995,0.0
map,2,67,1788816142.2890847,7.210454061854392,4.235013610738857,0.0
map,2,68,1788816142.2890847,7.26045406259945,4.285013611483915,0.0
map,2,69,1788816142.2890847,7.2519,4.2985,0.9814000000000003
map,3,0,1788816143.3179064,6.560454052168637,3.285013596582754,0.0
map,3,1,1788816143.3179064,6.5589922601546675,3.317876451076355,0.0
map,3,2,1788816143.3179064,6.572865551377021,3.338674180878453,0.0
map,3,3,1788816143.3179064,6.586908215160491,3.3593574697608766,0.0
map,3,4,1788816143.3179064,6.601080578652926,3.379952257665419,0.0
map,3,5,1788816143.3179064,6.615619153088318,3.4002906979098917,0.0
map,3,6,1788816143.3179064,6.630223340317656,3.4205803100286367,0.0
map,3,7,1788816143.3179064,6.644581861039427,3.4410453982242153,0.0
map,3,8,1788816143.3179064,6.659030408618008,3.4614479253837054,0.0
map,3,9,1788816143.3179064,6.673802442529535,3.4816169930670604,0.0
map,3,10,1788816143.3179064,6.688553114136056,3.5018013195397053,0.0
map,3,11,1788816143.3179064,6.703247328222204,3.522026844743433,0.0
map,3,12,1788816143.3179064,6.718088026685535,3.5421455584221313,0.0
map,3,13,1788816143.3179064,6.732834120655269,3.562332936652634,0.0
map,3,14,1788816143.3179064,6.747496291283909,3.5825828759192255,0.0
map,3,15,1788816143.3179064,6.762027236324656,3.602925893800485,0.0
map,3,16,1788816143.3179064,6.77656123312326,3.6232673858028157,0.0
map,3,17,1788816143.3179064,6.791116592226871,3.6435920931369274,0.0
map,3,18,1788816143.3179064,6.805621597325825,3.663954947444264,0.0
map,3,19,1788816143.3179064,6.820086929572625,3.684345267572322,0.0
map,3,20,1788816143.3179064,6.8345125889672715,3.704763053521102,0.0
map,3,21,1788816143.3179064,6.848944351877634,3.725177787712024,0.0
map,3,22,1788816143.3179064,6.863324234904411,3.7456276171183127,0.0
map,3,23,1788816143.3179064,6.877739213146555,3.7660530324617376,0.0
map,3,24,1788816143.3179064,6.8921328290836925,3.7864937065944524,0.0
map,3,25,1788816143.3179064,6.90654170381012,3.8069236995746643,0.0
map,3,26,1788816143.3179064,6.920970414962625,3.8273384337655862,0.0
map,3,27,1788816143.3179064,6.9353792896890525,3.847769952624727,0.0
map,3,28,1788816143.3179064,6.949811052599415,3.86818316093672,0.0
map,3,29,1788816143.3179064,6.964203142657624,3.888625360948364,0.0
map,3,30,1788816143.3179064,6.978634905567986,3.909040095139286,0.0
map,3,31,1788816143.3179064,6.993092608420142,3.929434992904131,0.0
map,3,32,1788816143.3179064,7.007521319572646,3.949851252973982,0.0
map,3,33,1788816143.3179064,7.0219790224248015,3.970246150738827,0.0
map,3,34,1788816143.3179064,7.036415362971951,3.990656307292962,0.0
map,3,35,1788816143.3179064,7.05088222109768,4.011045101542091,0.0
map,3,36,1788816143.3179064,7.065376545044131,4.031414059365144,0.0
map,3,37,1788816143.3179064,7.079857136080221,4.051795224219628,0.0
map,3,38,1788816143.3179064,7.094362141179175,4.072156552648035,0.0
map,3,39,1788816143.3179064,7.108841206336336,4.092536191623591,0.0
map,3,40,1788816143.3179064,7.123353840829935,4.112892942415211,0.0
map,3,41,1788816143.3179064,7.137886311749611,4.133234434417542,0.0
map,3,42,1788816143.3179064,7.152401998001068,4.153589659330233,0.0
map,3,43,1788816143.3179064,7.1669298912839565,4.173934203090422,0.0
map,3,44,1788816143.3179064,7.181378438862538,4.194336730249912,0.0
map,3,45,1788816143.3179064,7.195900228629711,4.2146873775258165,0.0
map,3,46,1788816143.3179064,7.210454061854392,4.235013610738857,0.0
map,3,47,1788816143.3179064,7.26045406259945,4.285013611483915,0.0
map,3,48,1788816143.3179064,7.2519,4.2985,0.9814000000000003
map,4,0,1788816144.3370311,6.860454056638986,3.7350136032882766,0.0
map,4,1,1788816144.3370311,6.867051957127927,3.773862480820295,0.0
map,4,2,1788816144.3370311,6.881291459293237,3.794411492356968,0.0
map,4,3,1788816144.3370311,6.895715592808955,3.814830804184677,0.0
map,4,4,1788816144.3370311,6.910463212657618,3.8350181824151797,0.0
map,4,5,1788816144.3370311,6.925316118152381,3.855126214941375,0.0
map,4,6,1788816144.3370311,6.940242265835735,3.875182367583985,0.0
map,4,7,1788816144.3370311,6.954893755311872,3.8954399362452214,0.0
map,4,8,1788816144.3370311,6.969940447430616,3.915403010273163,0.0
map,4,9,1788816144.3370311,6.984764361225729,3.9355354568622225,0.0
map,4,10,1788816144.3370311,6.999669146604077,3.9556053424151933,0.0
map,4,11,1788816144.3370311,7.014795184427129,3.9755104330438336,0.0
map,4,12,1788816144.3370311,7.029782367267643,3.995520809318574,0.0
map,4,13,1788816144.3370311,7.0448153264760265,4.0154945644990185,0.0
map,4,14,1788816144.3370311,7.059729267127949,4.035559872415202,0.0
map,4,15,1788816144.3370311,7.074797321551699,4.055509213532783,0.0
map,4,16,1788816144.3370311,7.089892841796171,4.075437192345358,0.0
map,4,17,1788816144.3370311,7.10490291282062,4.095429258072951,0.0
map,4,18,1788816144.3370311,7.12001674361224,4.115343503975165,0.0
map,4,19,1788816144.3370311,7.1350481769416945,4.1353203109134675,0.0
map,4,20,1788816144.3370311,7.150114705486516,4.155269652031048,0.0
map,4,21,1788816144.3370311,7.165249898583141,4.175167113265044,0.0
map,4,22,1788816144.3370311,7.180255391970803,4.195163756629423,0.0
map,4,23,1788816144.3370311,7.195337179304914,4.215100890715572,0.0
map,4,24,1788816144.3370311,7.210454061854392,4.235013610738857,0.0
map,4,25,1788816144.3370311,7.26045406259945,4.285013611483915,0.0
map,4,26,1788816144.3370311,7.2519,4.2985,0.9814000000000003
map,5,0,1788816153.2794642,7.110454060364276,4.135013609248741,0.0
map,5,1,1788816153.2794642,7.060454059619218,4.135013609248741,0.0
map,5,2,1788816153.2794642,7.035454059246689,4.135013609248741,0.0
map,5,3,1788816153.2794642,7.01045405887416,4.135013609248741,0.0
map,5,4,1788816153.2794642,6.960454058129102,4.135013609248741,0.0
map,5,5,1788816153.2794642,6.910454057384044,4.135013609248741,0.0
map,5,6,1788816153.2794642,6.8889,4.1384,3.0424
map,6,0,1788816154.299693,7.110454060364276,4.135013609248741,0.0
map,6,1,1788816154.299693,7.060454059619218,4.135013609248741,0.0
map,6,2,1788816154.299693,7.035454059246689,4.135013609248741,0.0
map,6,3,1788816154.299693,7.01045405887416,4.135013609248741,0.0
map,6,4,1788816154.299693,6.960454058129102,4.135013609248741,0.0
map,6,5,1788816154.299693,6.910454057384044,4.135013609248741,0.0
map,6,6,1788816154.299693,6.8889,4.1384,3.0424
map,7,0,1788816155.3295498,7.110454060364276,4.135013609248741,0.0
map,7,1,1788816155.3295498,7.060454059619218,4.135013609248741,0.0
map,7,2,1788816155.3295498,7.035454059246689,4.135013609248741,0.0
map,7,3,1788816155.3295498,7.01045405887416,4.135013609248741,0.0
map,7,4,1788816155.3295498,6.960454058129102,4.135013609248741,0.0
map,7,5,1788816155.3295498,6.910454057384044,4.135013609248741,0.0
map,7,6,1788816155.3295498,6.8889,4.1384,3.0424
map,8,0,1788816156.3594985,7.110454060364276,4.135013609248741,0.0
map,8,1,1788816156.3594985,7.060454059619218,4.135013609248741,0.0
map,8,2,1788816156.3594985,7.035454059246689,4.135013609248741,0.0
map,8,3,1788816156.3594985,7.01045405887416,4.135013609248741,0.0
map,8,4,1788816156.3594985,6.960454058129102,4.135013609248741,0.0
map,8,5,1788816156.3594985,6.910454057384044,4.135013609248741,0.0
map,8,6,1788816156.3594985,6.8889,4.1384,3.0424
map,9,0,1788816157.3797102,7.110454060364276,4.135013609248741,0.0
map,9,1,1788816157.3797102,7.060454059619218,4.135013609248741,0.0
map,9,2,1788816157.3797102,7.035454059246689,4.135013609248741,0.0
map,9,3,1788816157.3797102,7.01045405887416,4.135013609248741,0.0
map,9,4,1788816157.3797102,6.960454058129102,4.135013609248741,0.0
map,9,5,1788816157.3797102,6.910454057384044,4.135013609248741,0.0
map,9,6,1788816157.3797102,6.8889,4.1384,3.0424
