map.x,map.y,map.yaw,stamp
3.001428410156286,0.3393773675016254,-0.7844411485962008,1788634677.9751809
3.001428410156286,0.3393773675016254,-0.7844411485962008,1788634678.0750504
3.001428410156286,0.3393773675016254,-0.7844411485962008,1788634678.175027
3.001428410156286,0.3393773675016254,-0.7844411485962008,1788634678.2750428
3.001428410156286,0.3393773675016254,-0.7844411485962008,1788634678.375047
3.001428410156286,0.3393773675016254,-0.7844411485962008,1788634678.4750576
3.001428410156286,0.3393773675016254,-0.7844411485962008,1788634678.5751452
3.001428410156286,0.3393773675016254,-0.7844411485962008,1788634678.6749618
3.001428410156286,0.3393773675016254,-0.7844411485962008,1788634678.7750208
3.001428410156286,0.3393773675016254,-0.7844411485962008,1788634678.8749855
3.001428410156286,0.3393773675016254,-0.7844411485962008,1788634678.9749599
3.001428410156286,0.3393773675016254,-0.7844411485962008,1788634679.0750394
3.001428410156286,0.3393773675016254,-0.7844411485962008,1788634679.175029
3.001428410156286,0.3393773675016254,-0.7844411485962008,1788634679.27514
3.001428410156286,0.3393773675016254,-0.7844411485962008,1788634679.3750913
3.001428410156286,0.3393773675016254,-0.7844411485962008,1788634679.4750445
3.001428410156286,0.3393773675016254,-0.7844411485962008,1788634679.5750175
3.001428410156286,0.3393773675016254,-0.7844411485962008,1788634679.6750748
3.001428410156286,0.3393773675016254,-0.7844411485962008,1788634679.774984
3.001428410156286,0.3393773675016254,-0.7844411485962008,1788634679.8749762
3.001428410156286,0.3393773675016254,-0.7844411485962008,1788634679.9749732
3.001428410156286,0.3393773675016254,-0.7844411485962008,1788634680.0750473
3.001428410156286,0.3393773675016254,-0.7844411485962008,1788634680.1749613
3.001428410156286,0.3393773675016254,-0.7844411485962008,1788634680.2750793
3.001428410156286,0.3393773675016254,-0.7844411485962008,1788634680.375043
3.001428410156286,0.3393773675016254,-0.7844411485962008,1788634680.475088
3.001428410156286,0.3393773675016254,-0.7844411485962008,1788634680.5750966
3.001428410156286,0.3393773675016254,-0.7844411485962008,1788634680.6750093
3.001428410156286,0.3393773675016254,-0.7844411485962008,1788634680.7750897
3.001428410156286,0.3393773675016254,-0.7844411485962008,1788634680.8750367
3.001428410156286,0.3393773675016254,-0.7844411485962008,1788634680.9749377
3.001428410156286,0.3393773675016254,-0.7844411485962008,1788634681.0750642
3.001428410156286,0.3393773675016254,-0.7844411485962008,1788634681.1749945
3.001428410156286,0.3393773675016254,-0.7844411485962008,1788634681.2749841
3.001428410156286,0.3393773675016254,-0.7844411485962008,1788634681.3749497
3.001428410156286,0.3393773675016254,-0.7844411485962008,1788634681.4751585
3.001428410156286,0.3393773675016254,-0.7844411485962008,1788634681.5751097
3.001428410156286,0.3393773675016254,-0.7844411485962008,1788634681.6749742
3.001428410156286,0.3393773675016254,-0.7844411485962008,1788634681.7750576
3.001428410156286,0.3393773675016254,-0.7844411485962008,1788634681.8750954
3.001428410156286,0.3393773675016254,-0.7844411485962008,1788634681.9749684
3.001428410156286,0.3393773675016254,-0.7844411485962008,1788634682.075075
3.001428410156286,0.3393773675016254,-0.7844411485962008,1788634682.1750083
3.001428410156286,0.3393773675016254,-0.7844411485962008,1788634682.275019
3.001428410156286,0.3393773675016254,-0.7844411485962008,1788634682.3751063
3.001428410156286,0.3393773675016254,-0.7844411485962008,1788634682.4749432
3.001428410156286,0.3393773675016254,-0.7844411485962008,1788634682.575006
3.001428410156286,0.3393773675016254,-0.7844411485962008,1788634682.67494
3.001428410156286,0.3393773675016254,-0.7844411485962008,1788634682.7749817
3.001428410156286,0.3393773675016254,-0.7844411485962008,1788634682.8751855
3.001428410156286,0.3393773675016254,-0.7844411485962008,1788634682.9749897
3.001428410156286,0.3393773675016254,-0.7844411485962008,1788634683.0749767
3.001428410156286,0.3393773675016254,-0.7844411485962008,1788634683.1750207
3.001428410156286,0.3393773675016254,-0.7844411485962008,1788634683.2751026
3.001428410156286,0.3393773675016254,-0.7844411485962008,1788634683.3749585
3.001428410156286,0.3393773675016254,-0.7844411485962008,1788634683.476243
3.001428410156286,0.3393773675016254,-0.7844411485962008,1788634683.575067
3.001428410156286,0.3393773675016254,-0.7844411485962008,1788634683.6750593
3.001428410156286,0.3393773675016254,-0.7844411485962008,1788634683.776309
3.001428410156286,0.3393773675016254,-0.7844411485962008,1788634683.875066
3.001428410156286,0.3393773675016254,-0.7844411485962008,1788634683.975098
3.001428410156286,0.3393773675016254,-0.7844411485962008,1788634684.0750647
3.001428410156286,0.3393773675016254,-0.7844411485962008,1788634684.1750393
3.001428410156286,0.3393773675016254,-0.7844411485962008,1788634684.275104
3.001428410156286,0.3393773675016254,-0.7844411485962008,1788634684.3749428
3.001428410156286,0.3393773675016254,-0.7844411485962008,1788634684.474968
3.001428410156286,0.3393773675016254,-0.7844411485962008,1788634684.5749006
3.001428410156286,0.3393773675016254,-0.7844411485962008,1788634684.6750243
3.001428410156286,0.3393773675016254,-0.7844411485962008,1788634684.7750242
3.001428410156286,0.3393773675016254,-0.7844411485962008,1788634684.8751092
3.001428410156286,0.3393773675016254,-0.7844411485962008,1788634684.9752655
3.001428410156286,0.3393773675016254,-0.7844411485962008,1788634685.0753548
3.001428410156286,0.3393773675016254,-0.7844411485962008,1788634685.1751049
3.001428410156286,0.3393773675016254,-0.7844411485962008,1788634685.2750056
3.001428410156286,0.3393773675016254,-0.7844411485962008,1788634685.3750665
3.001428410156286,0.3393773675016254,-0.7844411485962008,1788634685.4749875
3.001428410156286,0.3393773675016254,-0.7844411485962008,1788634685.5750759
3.001428410156286,0.3393773675016254,-0.7844411485962008,1788634685.6750972
3.001428410156286,0.3393773675016254,-0.7844411485962008,1788634685.7775142
3.001428410156286,0.3393773675016254,-0.7844411485962008,1788634685.8751385
3.001428410156286,0.3393773675016254,-0.7844411485962008,1788634685.9749238
3.001428410156286,0.3393773675016254,-0.7844411485962008,1788634686.075088
3.001428410156286,0.3393773675016254,-0.7844411485962008,1788634686.175066
3.001428410156286,0.3393773675016254,-0.7844411485962008,1788634686.2751148
3.001428410156286,0.3393773675016254,-0.7844411485962008,1788634686.3749952
3.001428410156286,0.3393773675016254,-0.7844411485962008,1788634686.4749517
3.001428410156286,0.3393773675016254,-0.7844411485962008,1788634686.5749187
3.001428410156286,0.3393773675016254,-0.7844411485962008,1788634686.6750712
3.001428410156286,0.3393773675016254,-0.7844411485962008,1788634686.775109
3.001428410156286,0.3393773675016254,-0.7844411485962008,1788634686.8750107
3.001428410156286,0.3393773675016254,-0.7844411485962008,1788634686.9752004
3.001428410156286,0.3393773675016254,-0.7844411485962008,1788634687.0749676
3.001428410156286,0.3393773675016254,-0.7844411485962008,1788634687.1750958
3.001428410156286,0.3393773675016254,-0.7844411485962008,1788634687.2751524
3.001428410156286,0.3393773675016254,-0.7844411485962008,1788634687.38063
3.001428410156286,0.3393773675016254,-0.7844411485962008,1788634687.4749486
3.001428410156286,0.3393773675016254,-0.7844411485962008,1788634687.5751178
3.001428410156286,0.3393773675016254,-0.7844411485962008,1788634687.675064
3.001428410156286,0.3393773675016254,-0.7844411485962008,1788634687.7751136
3.001428410156286,0.3393773675016254,-0.7844411485962008,1788634687.8751354
3.001428410156286,0.3393773675016254,-0.7844411485962008,1788634687.9750247
3.001428410156286,0.3393773675016254,-0.7844411485962008,1788634688.077543
3.001428410156286,0.3393773675016254,-0.7844411485962008,1788634688.1749969
3.001428410156286,0.3393773675016254,-0.7844411485962008,1788634688.2750874
3.001428410156286,0.3393773675016254,-0.7844411485962008,1788634688.3773324
3.001428410156286,0.3393773675016254,-0.7844411485962008,1788634688.4751692
3.001428410156286,0.3393773675016254,-0.7844411485962008,1788634688.5751324
3.001428410156286,0.3393773675016254,-0.7844411485962008,1788634688.6751416
3.001428410156286,0.3393773675016254,-0.7844411485962008,1788634688.7750142
3.001428410156286,0.3393773675016254,-0.7844411485962008,1788634688.874999
3.001428410156286,0.3393773675016254,-0.7844411485962008,1788634688.9751995
3.001428410156286,0.3393773675016254,-0.7844411485962008,1788634689.0750206
3.001428410156286,0.3393773675016254,-0.7844411485962008,1788634689.1750574
3.001428410156286,0.3393773675016254,-0.7844411485962008,1788634689.274939
3.001428410156286,0.3393773675016254,-0.7844411485962008,1788634689.3750334
3.001428410156286,0.3393773675016254,-0.7844411485962008,1788634689.47506
3.001428410156286,0.3393773675016254,-0.7844411485962008,1788634689.5751703
3.001428410156286,0.3393773675016254,-0.7844411485962008,1788634689.6750312
3.001428410156286,0.3393773675016254,-0.7844411485962008,1788634689.7751226
3.001428410156286,0.3393773675016254,-0.7844411485962008,1788634689.8751185
3.001428410156286,0.3393773675016254,-0.7844411485962008,1788634689.9773023
3.001428410156286,0.3393773675016254,-0.7844411485962008,1788634690.0750706
3.001428410156286,0.3393773675016254,-0.7844411485962008,1788634690.1749682
3.001428410156286,0.3393773675016254,-0.7844411485962008,1788634690.2751327
3.001428410156286,0.3393773675016254,-0.7844411485962008,1788634690.3750434
3.001428410156286,0.3393773675016254,-0.7844411485962008,1788634690.4751956
3.001428410156286,0.3393773675016254,-0.7844411485962008,1788634690.5751693
3.001428410156286,0.3393773675016254,-0.7844411485962008,1788634690.6750212
3.001428410156286,0.3393773675016254,-0.7844411485962008,1788634690.7753434
3.001428410156286,0.3393773675016254,-0.7844411485962008,1788634690.8751426
3.001428410156286,0.3393773675016254,-0.7844411485962008,1788634690.9750845
3.001428410156286,0.3393773675016254,-0.7844411485962008,1788634691.0750291
3.001428410156286,0.3393773675016254,-0.7844411485962008,1788634691.1752183
3.001428410156286,0.3393773675016254,-0.7844411485962008,1788634691.2751186
3.001428410156286,0.3393773675016254,-0.7844411485962008,1788634691.3772962
3.001428410156286,0.3393773675016254,-0.7844411485962008,1788634691.4751205
3.001428410156286,0.3393773675016254,-0.7844411485962008,1788634691.5751185
3.001428410156286,0.3393773675016254,-0.7844411485962008,1788634691.679951
3.001428410156286,0.3393773675016254,-0.7844411485962008,1788634691.7774403
3.001428410156286,0.3393773675016254,-0.7844411485962008,1788634691.8751416
3.001428410156286,0.3393773675016254,-0.7844411485962008,1788634691.9751358
3.001428410156286,0.3393773675016254,-0.7844411485962008,1788634692.078807
3.001428410156286,0.3393773675016254,-0.7844411485962008,1788634692.1750224
3.001428410156286,0.3393773675016254,-0.7844411485962008,1788634692.2751052
3.001428410156286,0.3393773675016254,-0.7844411485962008,1788634692.375149
3.001428410156286,0.3393773675016254,-0.7844411485962008,1788634692.4762914
3.001428410156286,0.3393773675016254,-0.7844411485962008,1788634692.5808492
3.001428410156286,0.3393773675016254,-0.7844411485962008,1788634692.6749678
3.001428410156286,0.3393773675016254,-0.7844411485962008,1788634692.775118
3.001428410156286,0.3393773675016254,-0.7844411485962008,1788634692.8754292
3.001428410156286,0.3393773675016254,-0.7844411485962008,1788634692.97526
3.001428410156286,0.3393773675016254,-0.7844411485962008,1788634693.0750134
3.001428410156286,0.3393773675016254,-0.7844411485962008,1788634693.1750886
3.001428410156286,0.3393773675016254,-0.7844411485962008,1788634693.2751048
3.001428410156286,0.3393773675016254,-0.7844411485962008,1788634693.3751078
3.001428410156286,0.3393773675016254,-0.7844411485962008,1788634693.4802377
3.001428410156286,0.3393773675016254,-0.7844411485962008,1788634693.5751
3.001428410156286,0.3393773675016254,-0.7844411485962008,1788634693.6805158
3.001428410156286,0.3393773675016254,-0.7844411485962008,1788634693.7749577
3.001428410156286,0.3393773675016254,-0.7844411485962008,1788634693.8782983
3.001428410156286,0.3393773675016254,-0.7844411485962008,1788634693.977407
3.001428410156286,0.3393773675016254,-0.7844411485962008,1788634694.0751095
3.001428410156286,0.3393773675016254,-0.7844411485962008,1788634694.175223
3.001428410156286,0.3393773675016254,-0.7844411485962008,1788634694.275189
3.001428410156286,0.3393773675016254,-0.7844411485962008,1788634694.3750658
3.001428410156286,0.3393773675016254,-0.7844411485962008,1788634694.475052
3.001428410156286,0.3393773675016254,-0.7844411485962008,1788634694.578866
3.001428410156286,0.3393773675016254,-0.7844411485962008,1788634694.6751068
3.001428410156286,0.3393773675016254,-0.7844411485962008,1788634694.7751393
3.001428410156286,0.3393773675016254,-0.7844411485962008,1788634694.875067
3.001428410156286,0.3393773675016254,-0.7844411485962008,1788634694.9750698
3.001428410156286,0.3393773675016254,-0.7844411485962008,1788634695.0779417
3.001428410156286,0.3393773675016254,-0.7844411485962008,1788634695.1792002
3.001428410156286,0.3393773675016254,-0.7844411485962008,1788634695.2750452
3.001428410156286,0.3393773675016254,-0.7844411485962008,1788634695.3841112
3.001428410156286,0.3393773675016254,-0.7844411485962008,1788634695.4750946
3.001428410156286,0.3393773675016254,-0.7844411485962008,1788634695.575162
3.001428410156286,0.3393773675016254,-0.7844411485962008,1788634695.6750321
3.001428410156286,0.3393773675016254,-0.7844411485962008,1788634695.7749696
3.001428410156286,0.3393773675016254,-0.7844411485962008,1788634695.8749924
3.001428410156286,0.3393773675016254,-0.7844411485962008,1788634695.9750264
3.001428410156286,0.3393773675016254,-0.7844411485962008,1788634696.075117
3.001428410156286,0.3393773675016254,-0.7844411485962008,1788634696.1750362
3.001428410156286,0.3393773675016254,-0.7844411485962008,1788634696.275057
3.001428410156286,0.3393773675016254,-0.7844411485962008,1788634696.3750167
3.001428410156286,0.3393773675016254,-0.7844411485962008,1788634696.4750853
3.001428410156286,0.3393773675016254,-0.7844411485962008,1788634696.5750377
3.001428410156286,0.3393773675016254,-0.7844411485962008,1788634696.6750822
3.001428410156286,0.3393773675016254,-0.7844411485962008,1788634696.7751427
3.001428410156286,0.3393773675016254,-0.7844411485962008,1788634696.874955
3.001428410156286,0.3393773675016254,-0.7844411485962008,1788634696.9752145
3.001428410156286,0.3393773675016254,-0.7844411485962008,1788634697.075016
3.001428410156286,0.3393773675016254,-0.7844411485962008,1788634697.175136
3.001428410156286,0.3393773675016254,-0.7844411485962008,1788634697.275116
3.001428410156286,0.3393773675016254,-0.7844411485962008,1788634697.3750226
3.001428410156286,0.3393773675016254,-0.7844411485962008,1788634697.4750953
3.001428410156286,0.3393773675016254,-0.7844411485962008,1788634697.5750203
3.001428410156286,0.3393773675016254,-0.7844411485962008,1788634697.6750393
3.001428410156286,0.3393773675016254,-0.7844411485962008,1788634697.775022
3.001428410156286,0.3393773675016254,-0.7844411485962008,1788634697.8749514
3.001428410156286,0.3393773675016254,-0.7844411485962008,1788634697.9751158
3.001428410156286,0.3393773675016254,-0.7844411485962008,1788634698.075018
3.001428410156286,0.3393773675016254,-0.7844411485962008,1788634698.1750236
3.001428410156286,0.3393773675016254,-0.7844411485962008,1788634698.275076
3.001428410156286,0.3393773675016254,-0.7844411485962008,1788634698.375124
3.001428410156286,0.3393773675016254,-0.7844411485962008,1788634698.4750202
3.001428410156286,0.3393773675016254,-0.7844411485962008,1788634698.575176
3.001428410156286,0.3393773675016254,-0.7844411485962008,1788634698.6751199
3.001428410156286,0.3393773675016254,-0.7844411485962008,1788634698.775139
3.001428410156286,0.3393773675016254,-0.7844411485962008,1788634698.8749893
3.001428410156286,0.3393773675016254,-0.7844411485962008,1788634698.9751015
3.001428410156286,0.3393773675016254,-0.7844411485962008,1788634699.0750122
3.001428410156286,0.3393773675016254,-0.7844411485962008,1788634699.174981
3.001428410156286,0.3393773675016254,-0.7844411485962008,1788634699.2749836
3.001428410156286,0.3393773675016254,-0.7844411485962008,1788634699.3750725
3.001428410156286,0.3393773675016254,-0.7844411485962008,1788634699.4749963
3.001428410156286,0.3393773675016254,-0.7844411485962008,1788634699.57497
3.001428410156286,0.3393773675016254,-0.7844411485962008,1788634699.6750057
3.001428410156286,0.3393773675016254,-0.7844411485962008,1788634699.774976
3.001428410156286,0.3393773675016254,-0.7844411485962008,1788634699.8749938
3.001428410156286,0.3393773675016254,-0.7844411485962008,1788634699.9750357
3.001428410156286,0.3393773675016254,-0.7844411485962008,1788634700.0750003
3.001428410156286,0.3393773675016254,-0.7844411485962008,1788634700.1750686
3.001428410156286,0.3393773675016254,-0.7844411485962008,1788634700.2751856
3.001428410156286,0.3393773675016254,-0.7844411485962008,1788634700.3750718
3.001428410156286,0.3393773675016254,-0.7844411485962008,1788634700.475123
3.001428410156286,0.3393773675016254,-0.7844411485962008,1788634700.5749998
3.001428410156286,0.3393773675016254,-0.7844411485962008,1788634700.6751149
3.001428410156286,0.3393773675016254,-0.7844411485962008,1788634700.7749412
3.001428410156286,0.3393773675016254,-0.7844411485962008,1788634700.8750792
3.001428410156286,0.3393773675016254,-0.7844411485962008,1788634700.9750407
3.001428410156286,0.3393773675016254,-0.7844411485962008,1788634701.075018
3.001428410156286,0.3393773675016254,-0.7844411485962008,1788634701.1751878
3.001428410156286,0.3393773675016254,-0.7844411485962008,1788634701.2750952
3.001428410156286,0.3393773675016254,-0.7844411485962008,1788634701.3751123
3.001428410156286,0.3393773675016254,-0.7844411485962008,1788634701.4750922
3.001428410156286,0.3393773675016254,-0.7844411485962008,1788634701.5749383
3.001428410156286,0.3393773675016254,-0.7844411485962008,1788634701.6750884
3.001428410156286,0.3393773675016254,-0.7844411485962008,1788634701.7750094
3.001428410156286,0.3393773675016254,-0.7844411485962008,1788634701.8752093
3.001428410156286,0.3393773675016254,-0.7844411485962008,1788634701.975005
3.001428410156286,0.3393773675016254,-0.7844411485962008,1788634702.075164
3.001428410156286,0.3393773675016254,-0.7844411485962008,1788634702.175109
3.001428410156286,0.3393773675016254,-0.7844411485962008,1788634702.2751606
3.001428410156286,0.3393773675016254,-0.7844411485962008,1788634702.375104
3.001428410156286,0.3393773675016254,-0.7844411485962008,1788634702.4751115
3.001428410156286,0.3393773675016254,-0.7844411485962008,1788634702.5751069
3.001428410156286,0.3393773675016254,-0.7844411485962008,1788634702.6750982
3.001428410156286,0.3393773675016254,-0.7844411485962008,1788634702.775022
3.001428410156286,0.3393773675016254,-0.7844411485962008,1788634702.8750257
3.001428410156286,0.3393773675016254,-0.7844411485962008,1788634702.9750755
3.001428410156286,0.3393773675016254,-0.7844411485962008,1788634703.0750008
3.001428410156286,0.3393773675016254,-0.7844411485962008,1788634703.1750221
3.001428410156286,0.3393773675016254,-0.7844411485962008,1788634703.274987
3.001428410156286,0.3393773675016254,-0.7844411485962008,1788634703.3750062
3.001428410156286,0.3393773675016254,-0.7844411485962008,1788634703.4750721
3.001428410156286,0.3393773675016254,-0.7844411485962008,1788634703.575147
3.001428410156286,0.3393773675016254,-0.7844411485962008,1788634703.675009
3.001428410156286,0.3393773675016254,-0.7844411485962008,1788634703.7751043
3.001428410156286,0.3393773675016254,-0.7844411485962008,1788634703.8752277
3.001428410156286,0.3393773675016254,-0.7844411485962008,1788634703.9751637
3.001428410156286,0.3393773675016254,-0.7844411485962008,1788634704.0750308
3.001428410156286,0.3393773675016254,-0.7844411485962008,1788634704.1751914
3.001428410156286,0.3393773675016254,-0.7844411485962008,1788634704.2750063
3.001428410156286,0.3393773675016254,-0.7844411485962008,1788634704.3752036
3.001428410156286,0.3393773675016254,-0.7844411485962008,1788634704.4752014
3.001428410156286,0.3393773675016254,-0.7844411485962008,1788634704.5749831
3.001428410156286,0.3393773675016254,-0.7844411485962008,1788634704.6751263
3.001428410156286,0.3393773675016254,-0.7844411485962008,1788634704.7750144
3.001428410156286,0.3393773675016254,-0.7844411485962008,1788634704.8750129
3.001428410156286,0.3393773675016254,-0.7844411485962008,1788634704.9751124
3.001428410156286,0.3393773675016254,-0.7844411485962008,1788634705.075043
3.001428410156286,0.3393773675016254,-0.7844411485962008,1788634705.1751456
3.001428410156286,0.3393773675016254,-0.7844411485962008,1788634705.2750013
3.001428410156286,0.3393773675016254,-0.7844411485962008,1788634705.3751369
3.001428410156286,0.3393773675016254,-0.7844411485962008,1788634705.475087
3.001428410156286,0.3393773675016254,-0.7844411485962008,1788634705.5751035
3.001428410156286,0.3393773675016254,-0.7844411485962008,1788634705.6750727
3.001428410156286,0.3393773675016254,-0.7844411485962008,1788634705.7749965
3.001428410156286,0.3393773675016254,-0.7844411485962008,1788634705.8750823
3.001428410156286,0.3393773675016254,-0.7844411485962008,1788634705.9750576
3.001428410156286,0.3393773675016254,-0.7844411485962008,1788634706.074944
3.001428410156286,0.3393773675016254,-0.7844411485962008,1788634706.1750803
3.001428410156286,0.3393773675016254,-0.7844411485962008,1788634706.2750733
3.001428410156286,0.3393773675016254,-0.7844411485962008,1788634706.3749838
3.001428410156286,0.3393773675016254,-0.7844411485962008,1788634706.4750192
3.001428410156286,0.3393773675016254,-0.7844411485962008,1788634706.5750773
3.001428410156286,0.3393773675016254,-0.7844411485962008,1788634706.675099
3.001428410156286,0.3393773675016254,-0.7844411485962008,1788634706.7751298
3.001428410156286,0.3393773675016254,-0.7844411485962008,1788634706.8751018
3.001428410156286,0.3393773675016254,-0.7844411485962008,1788634706.9749756
3.001428410156286,0.3393773675016254,-0.7844411485962008,1788634707.0751576
3.001428410156286,0.3393773675016254,-0.7844411485962008,1788634707.1750152
3.001428410156286,0.3393773675016254,-0.7844411485962008,1788634707.2750661
3.001428410156286,0.3393773675016254,-0.7844411485962008,1788634707.375305
3.001428410156286,0.3393773675016254,-0.7844411485962008,1788634707.4750643
3.001428410156286,0.3393773675016254,-0.7844411485962008,1788634707.574994
3.001428410156286,0.3393773675016254,-0.7844411485962008,1788634707.675032
3.001428410156286,0.3393773675016254,-0.7844411485962008,1788634707.7750702
3.001428410156286,0.3393773675016254,-0.7844411485962008,1788634707.875181
3.001428410156286,0.3393773675016254,-0.7844411485962008,1788634707.975125
3.001428410156286,0.3393773675016254,-0.7844411485962008,1788634708.0750477
3.001428410156286,0.3393773675016254,-0.7844411485962008,1788634708.1750093
3.001428410156286,0.3393773675016254,-0.7844411485962008,1788634708.2750902
3.001428410156286,0.3393773675016254,-0.7844411485962008,1788634708.375041
3.001428410156286,0.3393773675016254,-0.7844411485962008,1788634708.475032
3.001428410156286,0.3393773675016254,-0.7844411485962008,1788634708.5750513
3.001428410156286,0.3393773675016254,-0.7844411485962008,1788634708.6750996
3.001428410156286,0.3393773675016254,-0.7844411485962008,1788634708.7750535
3.001428410156286,0.3393773675016254,-0.7844411485962008,1788634708.874912
3.001428410156286,0.3393773675016254,-0.7844411485962008,1788634708.9751704
3.001428410156286,0.3393773675016254,-0.7844411485962008,1788634709.074935
3.001428410156286,0.3393773675016254,-0.7844411485962008,1788634709.175081
3.001428410156286,0.3393773675016254,-0.7844411485962008,1788634709.2750237
3.001428410156286,0.3393773675016254,-0.7844411485962008,1788634709.3750706
3.001428410156286,0.3393773675016254,-0.7844411485962008,1788634709.4750657
3.001428410156286,0.3393773675016254,-0.7844411485962008,1788634709.575056
3.001428410156286,0.3393773675016254,-0.7844411485962008,1788634709.6749883
3.001428410156286,0.3393773675016254,-0.7844411485962008,1788634709.7750616
3.001428410156286,0.3393773675016254,-0.7844411485962008,1788634709.875026
3.001428410156286,0.3393773675016254,-0.7844411485962008,1788634709.97502
3.001428410156286,0.3393773675016254,-0.7844411485962008,1788634710.0749478
3.001428410156286,0.3393773675016254,-0.7844411485962008,1788634710.1751177
3.001428410156286,0.3393773675016254,-0.7844411485962008,1788634710.2749345
3.001428410156286,0.3393773675016254,-0.7844411485962008,1788634710.375034
3.001428410156286,0.3393773675016254,-0.7844411485962008,1788634710.4751983
3.001428410156286,0.3393773675016254,-0.7844411485962008,1788634710.5750535
3.001428410156286,0.3393773675016254,-0.7844411485962008,1788634710.6749573
3.001428410156286,0.3393773675016254,-0.7844411485962008,1788634710.775007
3.001428410156286,0.3393773675016254,-0.7844411485962008,1788634710.8750963
3.001428410156286,0.3393773675016254,-0.7844411485962008,1788634710.9749873
3.001428410156286,0.3393773675016254,-0.7844411485962008,1788634711.0749955
3.001428410156286,0.3393773675016254,-0.7844411485962008,1788634711.175089
3.001428410156286,0.3393773675016254,-0.7844411485962008,1788634711.275103
3.001428410156286,0.3393773675016254,-0.7844411485962008,1788634711.3750575
3.001428410156286,0.3393773675016254,-0.7844411485962008,1788634711.475039
3.001428410156286,0.3393773675016254,-0.7844411485962008,1788634711.5750794
3.001428410156286,0.3393773675016254,-0.7844411485962008,1788634711.6749823
3.001428410156286,0.3393773675016254,-0.7844411485962008,1788634711.7750719
3.001428410156286,0.3393773675016254,-0.7844411485962008,1788634711.874978
3.001428410156286,0.3393773675016254,-0.7844411485962008,1788634711.9750564
3.001428410156286,0.3393773675016254,-0.7844411485962008,1788634712.0749729
3.001428410156286,0.3393773675016254,-0.7844411485962008,1788634712.1750686
3.001428410156286,0.3393773675016254,-0.7844411485962008,1788634712.2750843
3.001428410156286,0.3393773675016254,-0.7844411485962008,1788634712.3749368
3.001428410156286,0.3393773675016254,-0.7844411485962008,1788634712.4750507
3.001428410156286,0.3393773675016254,-0.7844411485962008,1788634712.5750282
3.001428410156286,0.3393773675016254,-0.7844411485962008,1788634712.6750262
3.001428410156286,0.3393773675016254,-0.7844411485962008,1788634712.7749639
3.001428410156286,0.3393773675016254,-0.7844411485962008,1788634712.875108
3.001428410156286,0.3393773675016254,-0.7844411485962008,1788634712.9749944
3.001428410156286,0.3393773675016254,-0.7844411485962008,1788634713.074921
3.001428410156286,0.3393773675016254,-0.7844411485962008,1788634713.1751785
3.001428410156286,0.3393773675016254,-0.7844411485962008,1788634713.274966
3.001428410156286,0.3393773675016254,-0.7844411485962008,1788634713.3751118
3.001428410156286,0.3393773675016254,-0.7844411485962008,1788634713.4750757
3.001428410156286,0.3393773675016254,-0.7844411485962008,1788634713.5750034
3.001428410156286,0.3393773675016254,-0.7844411485962008,1788634713.675041
3.001428410156286,0.3393773675016254,-0.7844411485962008,1788634713.7749596
3.001428410156286,0.3393773675016254,-0.7844411485962008,1788634713.8750305
3.001428410156286,0.3393773675016254,-0.7844411485962008,1788634713.9750197
3.001428410156286,0.3393773675016254,-0.7844411485962008,1788634714.0749917
3.001428410156286,0.3393773675016254,-0.7844411485962008,1788634714.1751692
3.001428410156286,0.3393773675016254,-0.7844411485962008,1788634714.2750041
3.001428410156286,0.3393773675016254,-0.7844411485962008,1788634714.3751087
3.001428410156286,0.3393773675016254,-0.7844411485962008,1788634714.475113
3.001428410156286,0.3393773675016254,-0.7844411485962008,1788634714.575114
3.001428410156286,0.3393773675016254,-0.7844411485962008,1788634714.6749601
3.001428410156286,0.3393773675016254,-0.7844411485962008,1788634714.77502
3.001428410156286,0.3393773675016254,-0.7844411485962008,1788634714.8750498
3.001428410156286,0.3393773675016254,-0.7844411485962008,1788634714.9749699
3.001428410156286,0.3393773675016254,-0.7844411485962008,1788634715.0750945
3.001428410156286,0.3393773675016254,-0.7844411485962008,1788634715.175091
3.001428410156286,0.3393773675016254,-0.7844411485962008,1788634715.2750864
3.001428410156286,0.3393773675016254,-0.7844411485962008,1788634715.3751962
3.001428410156286,0.3393773675016254,-0.7844411485962008,1788634715.474931
3.001428410156286,0.3393773675016254,-0.7844411485962008,1788634715.5750132
3.001428410156286,0.3393773675016254,-0.7844411485962008,1788634715.6750407
3.001428410156286,0.3393773675016254,-0.7844411485962008,1788634715.7750475
3.001428410156286,0.3393773675016254,-0.7844411485962008,1788634715.8749776
3.001428410156286,0.3393773675016254,-0.7844411485962008,1788634715.9750125
3.001428410156286,0.3393773675016254,-0.7844411485962008,1788634716.0749516
3.001428410156286,0.3393773675016254,-0.7844411485962008,1788634716.175049
3.001428410156286,0.3393773675016254,-0.7844411485962008,1788634716.2751837
3.001428410156286,0.3393773675016254,-0.7844411485962008,1788634716.375023
3.001428410156286,0.3393773675016254,-0.7844411485962008,1788634716.4750428
3.001428410156286,0.3393773675016254,-0.7844411485962008,1788634716.57506
3.001428410156286,0.3393773675016254,-0.7844411485962008,1788634716.6750572
3.001428410156286,0.3393773675016254,-0.7844411485962008,1788634716.7750437
3.001428410156286,0.3393773675016254,-0.7844411485962008,1788634716.8751452
3.001428410156286,0.3393773675016254,-0.7844411485962008,1788634716.9750092
3.001428410156286,0.3393773675016254,-0.7844411485962008,1788634717.0750766
3.001428410156286,0.3393773675016254,-0.7844411485962008,1788634717.174991
3.001428410156286,0.3393773675016254,-0.7844411485962008,1788634717.2752943
3.001428410156286,0.3393773675016254,-0.7844411485962008,1788634717.3751237
3.001428410156286,0.3393773675016254,-0.7844411485962008,1788634717.4749146
3.001428410156286,0.3393773675016254,-0.7844411485962008,1788634717.5750964
3.001428410156286,0.3393773675016254,-0.7844411485962008,1788634717.6750255
3.001428410156286,0.3393773675016254,-0.7844411485962008,1788634717.7750626
3.001428410156286,0.3393773675016254,-0.7844411485962008,1788634717.8751035
3.001428410156286,0.3393773675016254,-0.7844411485962008,1788634717.9749868
3.001428410156286,0.3393773675016254,-0.7844411485962008,1788634718.075092
3.001428410156286,0.3393773675016254,-0.7844411485962008,1788634718.1749425
3.001428410156286,0.3393773675016254,-0.7844411485962008,1788634718.2749803
3.001428410156286,0.3393773675016254,-0.7844411485962008,1788634718.3749433
3.001428410156286,0.3393773675016254,-0.7844411485962008,1788634718.4750664
3.001428410156286,0.3393773675016254,-0.7844411485962008,1788634718.57511
3.001428410156286,0.3393773675016254,-0.7844411485962008,1788634718.6750014
3.001428410156286,0.3393773675016254,-0.7844411485962008,1788634718.7750103
3.001428410156286,0.3393773675016254,-0.7844411485962008,1788634718.874952
3.001428410156286,0.3393773675016254,-0.7844411485962008,1788634718.9750195
3.001428410156286,0.3393773675016254,-0.7844411485962008,1788634719.074996
3.001428410156286,0.3393773675016254,-0.7844411485962008,1788634719.174958
3.001428410156286,0.3393773675016254,-0.7844411485962008,1788634719.2749681
3.001428410156286,0.3393773675016254,-0.7844411485962008,1788634719.3750815
3.001428410156286,0.3393773675016254,-0.7844411485962008,1788634719.4751077
3.001428410156286,0.3393773675016254,-0.7844411485962008,1788634719.5751104
3.001428410156286,0.3393773675016254,-0.7844411485962008,1788634719.675069
3.001428410156286,0.3393773675016254,-0.7844411485962008,1788634719.775103
3.001428410156286,0.3393773675016254,-0.7844411485962008,1788634719.875086
3.001428410156286,0.3393773675016254,-0.7844411485962008,1788634719.975017
3.001428410156286,0.3393773675016254,-0.7844411485962008,1788634720.075219
3.001428410156286,0.3393773675016254,-0.7844411485962008,1788634720.175106
3.001428410156286,0.3393773675016254,-0.7844411485962008,1788634720.2750816
3.001428410156286,0.3393773675016254,-0.7844411485962008,1788634720.3750226
3.001428410156286,0.3393773675016254,-0.7844411485962008,1788634720.4749515
3.001428410156286,0.3393773675016254,-0.7844411485962008,1788634720.575104
3.001428410156286,0.3393773675016254,-0.7844411485962008,1788634720.6750956
3.001428410156286,0.3393773675016254,-0.7844411485962008,1788634720.7750692
3.001428410156286,0.3393773675016254,-0.7844411485962008,1788634720.8750224
3.001428410156286,0.3393773675016254,-0.7844411485962008,1788634720.9751043
3.001428410156286,0.3393773675016254,-0.7844411485962008,1788634721.0750465
3.001428410156286,0.3393773675016254,-0.7844411485962008,1788634721.1750011
3.001428410156286,0.3393773675016254,-0.7844411485962008,1788634721.2749565
3.001428410156286,0.3393773675016254,-0.7844411485962008,1788634721.3750255
3.001428410156286,0.3393773675016254,-0.7844411485962008,1788634721.4749568
3.001428410156286,0.3393773675016254,-0.7844411485962008,1788634721.5751483
3.001428410156286,0.3393773675016254,-0.7844411485962008,1788634721.675077
3.001428410156286,0.3393773675016254,-0.7844411485962008,1788634721.7750173
3.001428410156286,0.3393773675016254,-0.7844411485962008,1788634721.8751159
3.001428410156286,0.3393773675016254,-0.7844411485962008,1788634721.9750428
3.001428410156286,0.3393773675016254,-0.7844411485962008,1788634722.0749338
3.001428410156286,0.3393773675016254,-0.7844411485962008,1788634722.1751034
3.001428410156286,0.3393773675016254,-0.7844411485962008,1788634722.2751281
3.001428410156286,0.3393773675016254,-0.7844411485962008,1788634722.3749745
3.001428410156286,0.3393773675016254,-0.7844411485962008,1788634722.4750936
3.001428410156286,0.3393773675016254,-0.7844411485962008,1788634722.5749667
3.001428410156286,0.3393773675016254,-0.7844411485962008,1788634722.6750407
3.001428410156286,0.3393773675016254,-0.7844411485962008,1788634722.7751296
3.001428410156286,0.3393773675016254,-0.7844411485962008,1788634722.8751106
3.001428410156286,0.3393773675016254,-0.7844411485962008,1788634722.9749963
3.001428410156286,0.3393773675016254,-0.7844411485962008,1788634723.0749815
3.001428410156286,0.3393773675016254,-0.7844411485962008,1788634723.17503
3.001428410156286,0.3393773675016254,-0.7844411485962008,1788634723.2749696
3.001428410156286,0.3393773675016254,-0.7844411485962008,1788634723.3749328
3.001428410156286,0.3393773675016254,-0.7844411485962008,1788634723.4749413
3.001428410156286,0.3393773675016254,-0.7844411485962008,1788634723.5749164
3.001428410156286,0.3393773675016254,-0.7844411485962008,1788634723.675017
3.001428410156286,0.3393773675016254,-0.7844411485962008,1788634723.7749586
3.001428410156286,0.3393773675016254,-0.7844411485962008,1788634723.8749485
3.001428410156286,0.3393773675016254,-0.7844411485962008,1788634723.9749737
3.001428410156286,0.3393773675016254,-0.7844411485962008,1788634724.0752437
3.001428410156286,0.3393773675016254,-0.7844411485962008,1788634724.17507
3.001428410156286,0.3393773675016254,-0.7844411485962008,1788634724.2752185
3.001428410156286,0.3393773675016254,-0.7844411485962008,1788634724.3751163
3.001428410156286,0.3393773675016254,-0.7844411485962008,1788634724.4750638
3.001428410156286,0.3393773675016254,-0.7844411485962008,1788634724.5750163
3.001428410156286,0.3393773675016254,-0.7844411485962008,1788634724.6749747
3.001428410156286,0.3393773675016254,-0.7844411485962008,1788634724.775026
3.001428410156286,0.3393773675016254,-0.7844411485962008,1788634724.8750756
3.001428410156286,0.3393773675016254,-0.7844411485962008,1788634724.9752464
3.001428410156286,0.3393773675016254,-0.7844411485962008,1788634725.075158
3.001428410156286,0.3393773675016254,-0.7844411485962008,1788634725.1750255
3.001428410156286,0.3393773675016254,-0.7844411485962008,1788634725.2750952
3.001428410156286,0.3393773675016254,-0.7844411485962008,1788634725.3749309
3.001428410156286,0.3393773675016254,-0.7844411485962008,1788634725.4752655
3.001428410156286,0.3393773675016254,-0.7844411485962008,1788634725.574944
3.001428410156286,0.3393773675016254,-0.7844411485962008,1788634725.674968
3.001428410156286,0.3393773675016254,-0.7844411485962008,1788634725.774946
3.001428410156286,0.3393773675016254,-0.7844411485962008,1788634725.8750007
3.001428410156286,0.3393773675016254,-0.7844411485962008,1788634725.9781346
3.001428410156286,0.3393773675016254,-0.7844411485962008,1788634726.075033
3.001428410156286,0.3393773675016254,-0.7844411485962008,1788634726.175104
3.001428410156286,0.3393773675016254,-0.7844411485962008,1788634726.2750466
3.001428410156286,0.3393773675016254,-0.7844411485962008,1788634726.375031
3.001428410156286,0.3393773675016254,-0.7844411485962008,1788634726.4750524
3.001428410156286,0.3393773675016254,-0.7844411485962008,1788634726.575165
3.001428410156286,0.3393773675016254,-0.7844411485962008,1788634726.6749911
3.001428410156286,0.3393773675016254,-0.7844411485962008,1788634726.7751043
3.001428410156286,0.3393773675016254,-0.7844411485962008,1788634726.8751032
3.001428410156286,0.3393773675016254,-0.7844411485962008,1788634726.9750822
3.001428410156286,0.3393773675016254,-0.7844411485962008,1788634727.0750864
3.001428410156286,0.3393773675016254,-0.7844411485962008,1788634727.1750705
3.001428410156286,0.3393773675016254,-0.7844411485962008,1788634727.2750793
3.001428410156286,0.3393773675016254,-0.7844411485962008,1788634727.3749394
3.001428410156286,0.3393773675016254,-0.7844411485962008,1788634727.4750323
3.001428410156286,0.3393773675016254,-0.7844411485962008,1788634727.5751257
3.001428410156286,0.3393773675016254,-0.7844411485962008,1788634727.6750214
3.001428410156286,0.3393773675016254,-0.7844411485962008,1788634727.7750535
